item_id,titulo,categoria_shopee,preco,preco_texto,qtd_variacoes,cores,link,imagem,titulo_pdp,descricao,imagens,estoque_pdp,ficha_tecnica
MLB7683834798,Camiseta Feminina Estilo Paródia Mafrida,Camisetas e Regatas,86.0,"R$ 86,00",5,,https://www.mercadolivre.com.br/camiseta-feminina-estilo-parodia-mafrida/up/MLBU5275862578?pdp_filters=seller_id%3A3394140237#polycard_client=search-desktop&be_origin=backend&overlay_label=not_apply&search_layout=grid&position=1&type=product&tracking_id=7c29941c-c444-477e-ae53-8e7023834d34&wid=MLB7683834798&sid=search,https://http2.mlstatic.com/D_Q_NP_2X_872597-MLB117751384771_092026-E--camiseta-feminina-estilo-parodia-mafrida.webp,,,,,{}
MLB7693416260,Camiseta Feminina Estilo Paródia Machado,Camisetas e Regatas,83.42,"R$ 83,42",6,,https://www.mercadolivre.com.br/camiseta-feminina-estilo-parodia-machado/up/MLBU5298540540?pdp_filters=seller_id%3A3394140237#polycard_client=search-desktop&be_origin=backend&overlay_label=not_apply&search_layout=grid&position=2&type=product&tracking_id=7c29941c-c444-477e-ae53-8e7023834d34&wid=MLB7693416260&sid=search,https://http2.mlstatic.com/D_Q_NP_2X_669018-MLB117750138249_092026-E--camiseta-feminina-estilo-parodia-machado.webp,,,,,{}
MLB7680783140,Camisetas Femininas Estilo Paródia Ardidas,Camisetas e Regatas,86.0,"R$ 86,00",4,,https://www.mercadolivre.com.br/camisetas-femininas-estilo-parodia-ardidas/up/MLBU5240903407?pdp_filters=seller_id%3A3394140237#polycard_client=search-desktop&be_origin=backend&overlay_label=not_apply&search_layout=grid&position=3&type=product&tracking_id=7c29941c-c444-477e-ae53-8e7023834d34&wid=MLB7680783140&sid=search,https://http2.mlstatic.com/D_Q_NP_2X_831889-MLB116260799640_092026-E--camisetas-femininas-estilo-parodia-ardidas.webp,Camisetas Femininas Estilo Paródia Ardidas,"Camiseta feminina Estilo Paródia Ardidas, ideal para looks casuais no dia a dia. Com gola redonda e manga curta, é uma peça versátil para momentos de lazer, encontros informais e produções descontraídas.

O modelo traz uma referência criativa e combina facilmente com calças, saias ou bermudas.


* Nossa peça não possui acabamento na gola,barra e manga estilo Japonesa *

Garantia do vendedor: 90 dias",https://http2.mlstatic.com/D_NQ_NP_621123-MLA117370525221_092026-2X.jpg | https://http2.mlstatic.com/D_NQ_NP_630866-MLB111837050670_062026-O-camisetas-femininas-estilo-parodia-ardidas.webp | https://http2.mlstatic.com/D_NQ_NP_705644-MLB118068992213_092026-O-camisetas-femininas-estilo-parodia-ardidas.webp | https://http2.mlstatic.com/D_NQ_NP_831889-MLB116260799640_092026-O-camisetas-femininas-estilo-parodia-ardidas.webp | https://http2.mlstatic.com/D_NQ_NP_945892-MLB118068577421_092026-O-camisetas-femininas-estilo-parodia-ardidas.webp | https://http2.mlstatic.com/D_Q_NP_2X_618204-MLB117751389629_092026-2X.webp | https://http2.mlstatic.com/D_Q_NP_2X_630866-MLB111837050670_062026-R-camisetas-femininas-estilo-parodia-ardidas.webp | https://http2.mlstatic.com/D_Q_NP_2X_705644-MLB118068992213_092026-R-camisetas-femininas-estilo-parodia-ardidas.webp | https://http2.mlstatic.com/D_Q_NP_2X_765196-MLB116261239396_092026-2X.webp | https://http2.mlstatic.com/D_Q_NP_2X_779643-MLB116260976180_092026-2X.webp | https://http2.mlstatic.com/D_Q_NP_2X_831889-MLB116260799640_092026-2X.webp | https://http2.mlstatic.com/D_Q_NP_2X_831889-MLB116260799640_092026-R-camisetas-femininas-estilo-parodia-ardidas.webp | https://http2.mlstatic.com/D_Q_NP_2X_945892-MLB118068577421_092026-R-camisetas-femininas-estilo-parodia-ardidas.webp | https://http2.mlstatic.com/storage/catalog-technical-specs/images/assets/vectorial/brand.svg | https://http2.mlstatic.com/storage/catalog-technical-specs/images/assets/vectorial/main_material.svg | https://http2.mlstatic.com/storage/logos-api-admin/00174300-571e-11e8-8364-bff51f08d440-m.svg | https://http2.mlstatic.com/storage/logos-api-admin/9cf818e0-723a-11f0-a459-cf21d0937aeb-m.svg | https://http2.mlstatic.com/storage/logos-api-admin/a5f047d0-9be0-11ec-aad4-c3381f368aaf-m.svg | https://http2.mlstatic.com/storage/logos-api-admin/b2c93a40-f3be-11eb-9984-b7076edb0bb7-m.svg | https://http2.mlstatic.com/storage/logos-api-admin/bb7c7bb0-adec-11f0-92e6-59fb0bcb38c2-m.svg | https://http2.mlstatic.com/storage/logos-api-admin/f99fcca0-f3bd-11eb-9984-b7076edb0bb7-m.svg,5,{}
MLB7576207684,Camiseta Feminina Estilo Paródia Beatles,Camisetas e Regatas,86.0,"R$ 86,00",3,,https://www.mercadolivre.com.br/camiseta-feminina-estilo-parodia-beatles/up/MLBU5058150717?pdp_filters=seller_id%3A3394140237#polycard_client=search-desktop&be_origin=backend&overlay_label=not_apply&search_layout=grid&position=4&type=product&tracking_id=7c29941c-c444-477e-ae53-8e7023834d34&wid=MLB7576207684&sid=search,https://http2.mlstatic.com/D_Q_NP_2X_811183-MLB117861136087_092026-E--camiseta-feminina-estilo-parodia-beatles.webp,Camiseta Feminina Estilo Paródia Beatles,"A Camiseta feminina Estilo Paródia combina conforto e estilo próprio em uma proposta leve para o dia a dia. Com modelagem ampla, manga curta e gola canoa, ela oferece um visual descomplicado, ideal para compor looks casuais com originalidade.

Confeccionada em malha fria de 67% poliéster e 33% viscose, possui toque macio, alta durabilidade, secagem rápida e não amassa fácil. A estampa traz a icônica travessia da faixa de pedestres da banda The Beatles, perfeita para expressar sua paixão pelo rock.

Ficou com dúvidas? Chame a gente no campo de perguntas!
Obrigado por escolher a Estilo Paródia!

* Nossa peça não tem acabamento na gola,barra e gola estilo Japonesa *

Garantia do vendedor: 7 dias",https://http2.mlstatic.com/D_NQ_NP_621070-MLB117048459849_092026-O-camiseta-feminina-estilo-parodia-beatles.webp | https://http2.mlstatic.com/D_NQ_NP_811183-MLB117861136087_092026-O-camiseta-feminina-estilo-parodia-beatles.webp | https://http2.mlstatic.com/D_NQ_NP_857209-MLB118122230209_092026-O-camiseta-feminina-estilo-parodia-beatles.webp | https://http2.mlstatic.com/D_Q_NP_2X_621070-MLB117048459849_092026-R-camiseta-feminina-estilo-parodia-beatles.webp | https://http2.mlstatic.com/D_Q_NP_2X_637686-MLB117861957263_092026-2X.webp | https://http2.mlstatic.com/D_Q_NP_2X_687677-MLB117860750079_092026-2X.webp | https://http2.mlstatic.com/D_Q_NP_2X_811183-MLB117861136087_092026-2X.webp | https://http2.mlstatic.com/D_Q_NP_2X_811183-MLB117861136087_092026-R-camiseta-feminina-estilo-parodia-beatles.webp | https://http2.mlstatic.com/D_Q_NP_2X_857209-MLB118122230209_092026-R-camiseta-feminina-estilo-parodia-beatles.webp | https://http2.mlstatic.com/storage/catalog-technical-specs/images/assets/vectorial/brand.svg | https://http2.mlstatic.com/storage/catalog-technical-specs/images/assets/vectorial/main_material.svg | https://http2.mlstatic.com/storage/logos-api-admin/00174300-571e-11e8-8364-bff51f08d440-m.svg | https://http2.mlstatic.com/storage/logos-api-admin/9cf818e0-723a-11f0-a459-cf21d0937aeb-m.svg | https://http2.mlstatic.com/storage/logos-api-admin/a5f047d0-9be0-11ec-aad4-c3381f368aaf-m.svg | https://http2.mlstatic.com/storage/logos-api-admin/b2c93a40-f3be-11eb-9984-b7076edb0bb7-m.svg | https://http2.mlstatic.com/storage/logos-api-admin/bb7c7bb0-adec-11f0-92e6-59fb0bcb38c2-m.svg | https://http2.mlstatic.com/storage/logos-api-admin/f99fcca0-f3bd-11eb-9984-b7076edb0bb7-m.svg,5,{}
MLB7659259838,Camisetas Femininas Estilo Paródia Ovelha Colorida,Camisetas e Regatas,86.0,"R$ 86,00",2,,https://www.mercadolivre.com.br/camisetas-femininas-estilo-parodia-ovelha-colorida/up/MLBU5265475560?pdp_filters=seller_id%3A3394140237#polycard_client=search-desktop&be_origin=backend&overlay_label=not_apply&search_layout=grid&position=5&type=product&tracking_id=7c29941c-c444-477e-ae53-8e7023834d34&wid=MLB7659259838&sid=search,https://http2.mlstatic.com/D_Q_NP_2X_605744-MLB117761755383_092026-E--camisetas-femininas-estilo-parodia-ovelha-colorida.webp,Camisetas Femininas Estilo Paródia Ovelha Colorida,"Camiseta feminina Estilo Paródia Ovelha Colorida, com modelagem reta e caimento confortável para o dia a dia.

Confeccionada em tecido com 67% poliéster e 33% viscose, oferece leveza e conforto em diferentes ocasiões.

Detalhes do produto:
• Gola redonda
• Manga curta
• Modelagem reta
• Estampa localizada
• Estilo casual

Composição: 67% poliéster e 33% viscose.

Disponível nas cores e tamanhos anunciados.

* Nossa peça não tem acabamento na gola,barra e gola estilo Japonesa *

Garantia do vendedor: 90 dias",https://http2.mlstatic.com/D_NQ_NP_605744-MLB117761755383_092026-O-camisetas-femininas-estilo-parodia-ovelha-colorida.webp | https://http2.mlstatic.com/D_NQ_NP_866951-MLB111519720850_062026-O-camisetas-femininas-estilo-parodia-ovelha-colorida.webp | https://http2.mlstatic.com/D_NQ_NP_881884-MLB116611232956_092026-O-camisetas-femininas-estilo-parodia-ovelha-colorida.webp | https://http2.mlstatic.com/D_NQ_NP_923679-MLB118122233981_092026-O-camisetas-femininas-estilo-parodia-ovelha-colorida.webp | https://http2.mlstatic.com/D_NQ_NP_959125-MLB118122233869_092026-O-camisetas-femininas-estilo-parodia-ovelha-colorida.webp | https://http2.mlstatic.com/D_NQ_NP_998148-MLB118123504833_092026-O-camisetas-femininas-estilo-parodia-ovelha-colorida.webp | https://http2.mlstatic.com/D_Q_NP_2X_605744-MLB117761755383_092026-2X.webp | https://http2.mlstatic.com/D_Q_NP_2X_605744-MLB117761755383_092026-R-camisetas-femininas-estilo-parodia-ovelha-colorida.webp | https://http2.mlstatic.com/D_Q_NP_2X_840012-MLB117760426623_092026-2X.webp | https://http2.mlstatic.com/D_Q_NP_2X_866951-MLB111519720850_062026-R-camisetas-femininas-estilo-parodia-ovelha-colorida.webp | https://http2.mlstatic.com/D_Q_NP_2X_881884-MLB116611232956_092026-R-camisetas-femininas-estilo-parodia-ovelha-colorida.webp | https://http2.mlstatic.com/D_Q_NP_2X_923679-MLB118122233981_092026-R-camisetas-femininas-estilo-parodia-ovelha-colorida.webp | https://http2.mlstatic.com/D_Q_NP_2X_959125-MLB118122233869_092026-R-camisetas-femininas-estilo-parodia-ovelha-colorida.webp | https://http2.mlstatic.com/D_Q_NP_2X_998148-MLB118123504833_092026-R-camisetas-femininas-estilo-parodia-ovelha-colorida.webp | https://http2.mlstatic.com/storage/catalog-technical-specs/images/assets/vectorial/brand.svg | https://http2.mlstatic.com/storage/logos-api-admin/00174300-571e-11e8-8364-bff51f08d440-m.svg | https://http2.mlstatic.com/storage/logos-api-admin/9cf818e0-723a-11f0-a459-cf21d0937aeb-m.svg | https://http2.mlstatic.com/storage/logos-api-admin/a5f047d0-9be0-11ec-aad4-c3381f368aaf-m.svg | https://http2.mlstatic.com/storage/logos-api-admin/b2c93a40-f3be-11eb-9984-b7076edb0bb7-m.svg | https://http2.mlstatic.com/storage/logos-api-admin/bb7c7bb0-adec-11f0-92e6-59fb0bcb38c2-m.svg | https://http2.mlstatic.com/storage/logos-api-admin/f99fcca0-f3bd-11eb-9984-b7076edb0bb7-m.svg,5,{}
MLB5271925019,Camiseta Feminina Estilo Paródia Chicó,Camisetas e Regatas,65.0,"R$ 65,00",3,,https://www.mercadolivre.com.br/camiseta-feminina-estilo-parodia-chico/up/MLBU5269951612?pdp_filters=seller_id%3A3394140237#polycard_client=search-desktop&be_origin=backend&overlay_label=not_apply&search_layout=grid&position=6&type=product&tracking_id=7c29941c-c444-477e-ae53-8e7023834d34&wid=MLB5271925019&sid=search,https://http2.mlstatic.com/D_Q_NP_2X_899494-MLB116602468978_092026-E--camiseta-feminina-estilo-parodia-chico.webp,Camiseta Feminina Estilo Paródia Chicó,"A Camiseta feminina Estilo Paródia combina conforto e personalidade em uma proposta leve para o dia a dia. Com modelagem ampla, manga curta e gola canoa, ela oferece um visual descomplicado, ideal para compor looks casuais com autenticidade. 

Confeccionada em malha fria de 67% poliéster e 33% viscose, possui toque macio, alta durabilidade, secagem rápida e não amassa fácil. A estampa traz a frase ""Não sei, só sei que foi assim"" emoldurada por elementos do sertão, homenageando a rica cultura brasileira e o clássico filme ""O Auto da Compadecida"".

Ficou com dúvidas? Chame a gente no campo de perguntas!
Obrigado por escolher a Estilo Paródia!

* Nossa peça não possui costura na manga e na gola. A manga é estilo Japonesa *

Garantia do vendedor: 7 dias",https://http2.mlstatic.com/D_NQ_NP_705784-MLB118018327381_092026-O-camiseta-feminina-estilo-parodia-chico.webp | https://http2.mlstatic.com/D_NQ_NP_712798-MLB116602173174_092026-O-camiseta-feminina-estilo-parodia-chico.webp | https://http2.mlstatic.com/D_NQ_NP_795976-MLB116602469088_092026-O-camiseta-feminina-estilo-parodia-chico.webp | https://http2.mlstatic.com/D_NQ_NP_899494-MLB116602468978_092026-O-camiseta-feminina-estilo-parodia-chico.webp | https://http2.mlstatic.com/D_NQ_NP_900281-MLB118113539637_092026-O-camiseta-feminina-estilo-parodia-chico.webp | https://http2.mlstatic.com/D_Q_NP_2X_705784-MLB118018327381_092026-R-camiseta-feminina-estilo-parodia-chico.webp | https://http2.mlstatic.com/D_Q_NP_2X_712798-MLB116602173174_092026-R-camiseta-feminina-estilo-parodia-chico.webp | https://http2.mlstatic.com/D_Q_NP_2X_774720-MLB118019154763_092026-2X.webp | https://http2.mlstatic.com/D_Q_NP_2X_795976-MLB116602469088_092026-R-camiseta-feminina-estilo-parodia-chico.webp | https://http2.mlstatic.com/D_Q_NP_2X_899494-MLB116602468978_092026-2X.webp | https://http2.mlstatic.com/D_Q_NP_2X_899494-MLB116602468978_092026-R-camiseta-feminina-estilo-parodia-chico.webp | https://http2.mlstatic.com/D_Q_NP_2X_900281-MLB118113539637_092026-R-camiseta-feminina-estilo-parodia-chico.webp | https://http2.mlstatic.com/D_Q_NP_2X_937538-MLB116602469700_092026-2X.webp | https://http2.mlstatic.com/storage/catalog-technical-specs/images/assets/vectorial/brand.svg | https://http2.mlstatic.com/storage/catalog-technical-specs/images/assets/vectorial/main_material.svg | https://http2.mlstatic.com/storage/logos-api-admin/00174300-571e-11e8-8364-bff51f08d440-m.svg | https://http2.mlstatic.com/storage/logos-api-admin/9cf818e0-723a-11f0-a459-cf21d0937aeb-m.svg | https://http2.mlstatic.com/storage/logos-api-admin/a5f047d0-9be0-11ec-aad4-c3381f368aaf-m.svg | https://http2.mlstatic.com/storage/logos-api-admin/b2c93a40-f3be-11eb-9984-b7076edb0bb7-m.svg | https://http2.mlstatic.com/storage/logos-api-admin/bb7c7bb0-adec-11f0-92e6-59fb0bcb38c2-m.svg | https://http2.mlstatic.com/storage/logos-api-admin/f99fcca0-f3bd-11eb-9984-b7076edb0bb7-m.svg,5,{}
MLB4749870451,Camisetas Femininas Estilo Paródia Converse,Camisetas e Regatas,86.0,"R$ 86,00",,"#9F00FF, #000000",https://produto.mercadolivre.com.br/MLB-4749870451-camisetas-femininas-estilo-parodia-converse-_JM?searchVariation=196153065066&pdp_filters=seller_id%3A3394140237#polycard_client=search-desktop&searchVariation=196153065066&be_origin=backend&overlay_label=not_apply&search_layout=grid&position=7&type=item&tracking_id=7c29941c-c444-477e-ae53-8e7023834d34&sid=search,https://http2.mlstatic.com/D_Q_NP_2X_880817-MLB117765918623_092026-E-camisetas-femininas-estilo-parodia-converse.webp,Camisetas Femininas Estilo Paródia Converse,"Camiseta feminina Estilo Paródia All Star, ideal para looks casuais no dia a dia. Tem caimento reto, gola redonda e manga curta, com uma proposta leve e versátil para momentos de lazer e produções descontraídas.

Composição: 67% poliéster e 33% viscose. Uma peça com referência criativa e visual fácil de combinar com calças, saias ou bermudas.

* Nossa peça não possui acabamento na gola,barra e manga estilo Japonesa *",https://http2.mlstatic.com/D_NQ_NP_600328-MLB118074076883_092026-O-camisetas-femininas-estilo-parodia-converse.webp | https://http2.mlstatic.com/D_NQ_NP_642403-MLB116565799490_092026-O-camisetas-femininas-estilo-parodia-converse.webp | https://http2.mlstatic.com/D_NQ_NP_643255-MLB116565651432_092026-O-camisetas-femininas-estilo-parodia-converse.webp | https://http2.mlstatic.com/D_NQ_NP_689403-MLB116564439922_092026-O-camisetas-femininas-estilo-parodia-converse.webp | https://http2.mlstatic.com/D_NQ_NP_733879-MLB111837856986_062026-O-camisetas-femininas-estilo-parodia-converse.webp | https://http2.mlstatic.com/D_NQ_NP_765695-MLA117373939573_092026-2X.jpg | https://http2.mlstatic.com/D_NQ_NP_880817-MLB117765918623_092026-O-camisetas-femininas-estilo-parodia-converse.webp | https://http2.mlstatic.com/D_Q_NP_2X_600328-MLB118074076883_092026-R-camisetas-femininas-estilo-parodia-converse.webp | https://http2.mlstatic.com/D_Q_NP_2X_613841-MLB116274193034_092026-2X.webp | https://http2.mlstatic.com/D_Q_NP_2X_642403-MLB116565799490_092026-R-camisetas-femininas-estilo-parodia-converse.webp | https://http2.mlstatic.com/D_Q_NP_2X_643255-MLB116565651432_092026-R-camisetas-femininas-estilo-parodia-converse.webp | https://http2.mlstatic.com/D_Q_NP_2X_689403-MLB116564439922_092026-R-camisetas-femininas-estilo-parodia-converse.webp | https://http2.mlstatic.com/D_Q_NP_2X_733879-MLB111837856986_062026-R-camisetas-femininas-estilo-parodia-converse.webp | https://http2.mlstatic.com/D_Q_NP_2X_880817-MLB117765918623_092026-2X.webp | https://http2.mlstatic.com/D_Q_NP_2X_880817-MLB117765918623_092026-R-camisetas-femininas-estilo-parodia-converse.webp | https://http2.mlstatic.com/storage/catalog-technical-specs/images/assets/vectorial/brand.svg | https://http2.mlstatic.com/storage/catalog-technical-specs/images/assets/vectorial/default.svg | https://http2.mlstatic.com/storage/logos-api-admin/00174300-571e-11e8-8364-bff51f08d440-m.svg | https://http2.mlstatic.com/storage/logos-api-admin/9cf818e0-723a-11f0-a459-cf21d0937aeb-m.svg | https://http2.mlstatic.com/storage/logos-api-admin/a5f047d0-9be0-11ec-aad4-c3381f368aaf-m.svg | https://http2.mlstatic.com/storage/logos-api-admin/b2c93a40-f3be-11eb-9984-b7076edb0bb7-m.svg | https://http2.mlstatic.com/storage/logos-api-admin/bb7c7bb0-adec-11f0-92e6-59fb0bcb38c2-m.svg | https://http2.mlstatic.com/storage/logos-api-admin/f3e8e940-f549-11ef-bad6-e9962bcd76e5-m.svg | https://http2.mlstatic.com/storage/logos-api-admin/f99fcca0-f3bd-11eb-9984-b7076edb0bb7-m.svg,5,{}
MLB7613807482,Camiseta Feminina Estilo Paródia Estilingue,Camisetas e Regatas,86.0,"R$ 86,00",4,,https://www.mercadolivre.com.br/camiseta-feminina-estilo-parodia-estilingue/up/MLBU5156628954?pdp_filters=seller_id%3A3394140237#polycard_client=search-desktop&be_origin=backend&overlay_label=not_apply&search_layout=grid&position=8&type=product&tracking_id=7c29941c-c444-477e-ae53-8e7023834d34&wid=MLB7613807482&sid=search,https://http2.mlstatic.com/D_Q_NP_2X_642614-MLB117861356211_092026-E--camiseta-feminina-estilo-parodia-estilingue.webp,Camiseta Feminina Estilo Paródia Estilingue,"A Camiseta feminina Estilo Paródia combina conforto e personalidade em uma proposta leve para o dia a dia. Com modelagem ampla, manga curta e gola canoa, ela oferece um visual descomplicado, ideal para compor looks casuais com autenticidade.

Confeccionada em malha fria de 67% poliéster e 33% viscose, possui toque macio, alta durabilidade, secagem rápida e não amassa fácil. A ilustração do estilingue lançando um coração vermelho traz humor, conceito e atitude ao visual. A combinação perfeita entre um design marcante e a praticidade que o seu dia a dia pede.

Ficou com dúvidas? Chame a gente no campo de perguntas!
Obrigado por escolher a Estilo Paródia!

* Nossa peça não tem acabamento na gola,barra e gola estilo Japonesa *

Garantia do vendedor: 7 dias",https://http2.mlstatic.com/D_NQ_NP_642614-MLB117861356211_092026-O-camiseta-feminina-estilo-parodia-estilingue.webp | https://http2.mlstatic.com/D_NQ_NP_753163-MLB117422934683_092026-O-camiseta-feminina-estilo-parodia-estilingue.webp | https://http2.mlstatic.com/D_NQ_NP_819096-MLB118115400383_092026-O-camiseta-feminina-estilo-parodia-estilingue.webp | https://http2.mlstatic.com/D_NQ_NP_858686-MLB118114072877_092026-O-camiseta-feminina-estilo-parodia-estilingue.webp | https://http2.mlstatic.com/D_Q_NP_2X_642614-MLB117861356211_092026-2X.webp | https://http2.mlstatic.com/D_Q_NP_2X_642614-MLB117861356211_092026-R-camiseta-feminina-estilo-parodia-estilingue.webp | https://http2.mlstatic.com/D_Q_NP_2X_753163-MLB117422934683_092026-R-camiseta-feminina-estilo-parodia-estilingue.webp | https://http2.mlstatic.com/D_Q_NP_2X_819096-MLB118115400383_092026-R-camiseta-feminina-estilo-parodia-estilingue.webp | https://http2.mlstatic.com/D_Q_NP_2X_842417-MLB117860268325_092026-2X.webp | https://http2.mlstatic.com/D_Q_NP_2X_858686-MLB118114072877_092026-R-camiseta-feminina-estilo-parodia-estilingue.webp | https://http2.mlstatic.com/D_Q_NP_2X_874316-MLB117860267319_092026-2X.webp | https://http2.mlstatic.com/D_Q_NP_2X_928135-MLB116362973516_092026-2X.webp | https://http2.mlstatic.com/storage/catalog-technical-specs/images/assets/vectorial/brand.svg | https://http2.mlstatic.com/storage/catalog-technical-specs/images/assets/vectorial/main_material.svg | https://http2.mlstatic.com/storage/logos-api-admin/00174300-571e-11e8-8364-bff51f08d440-m.svg | https://http2.mlstatic.com/storage/logos-api-admin/9cf818e0-723a-11f0-a459-cf21d0937aeb-m.svg | https://http2.mlstatic.com/storage/logos-api-admin/a5f047d0-9be0-11ec-aad4-c3381f368aaf-m.svg | https://http2.mlstatic.com/storage/logos-api-admin/b2c93a40-f3be-11eb-9984-b7076edb0bb7-m.svg | https://http2.mlstatic.com/storage/logos-api-admin/bb7c7bb0-adec-11f0-92e6-59fb0bcb38c2-m.svg | https://http2.mlstatic.com/storage/logos-api-admin/f99fcca0-f3bd-11eb-9984-b7076edb0bb7-m.svg,5,{}
MLB7639418368,Camiseta Feminina Estilo Paródia Discos,Camisetas e Regatas,65.0,"R$ 65,00",2,,https://www.mercadolivre.com.br/camiseta-feminina-estilo-parodia-discos/up/MLBU5199857374?pdp_filters=seller_id%3A3394140237#polycard_client=search-desktop&be_origin=backend&overlay_label=not_apply&search_layout=grid&position=9&type=product&tracking_id=7c29941c-c444-477e-ae53-8e7023834d34&wid=MLB7639418368&sid=search,https://http2.mlstatic.com/D_Q_NP_2X_658842-MLB117862167311_092026-E--camiseta-feminina-estilo-parodia-discos.webp,Camiseta Feminina Estilo Paródia Discos,"A Camiseta feminina Estilo Paródia combina conforto e personalidade em uma proposta leve para o dia a dia. Com modelagem ampla, manga curta e gola canoa, ela oferece um visual descomplicado, ideal para compor looks casuais com autenticidade.

Confeccionada em malha fria de 67% poliéster e 33% viscose, possui toque macio, alta durabilidade, secagem rápida e não amassa fácil. A estampa traz a frase divertida acompanhada por ilustrações de discos de vinil, unindo nostalgia, humor e paixão pela música. A combinação perfeita entre um design marcante e a praticidade no seu dia a dia.

Ficou com dúvidas? Chame a gente no campo de perguntas!
Obrigado por escolher a Estilo Paródia!

* Nossa peça não tem acabamento na gola,barra e gola estilo Japonesa *

Garantia do vendedor: 7 dias",https://http2.mlstatic.com/D_NQ_NP_617080-MLB118123295611_092026-O-camiseta-feminina-estilo-parodia-discos.webp | https://http2.mlstatic.com/D_NQ_NP_638371-MLB118122765071_092026-O-camiseta-feminina-estilo-parodia-discos.webp | https://http2.mlstatic.com/D_NQ_NP_658842-MLB117862167311_092026-O-camiseta-feminina-estilo-parodia-discos.webp | https://http2.mlstatic.com/D_NQ_NP_694716-MLB116610403858_092026-O-camiseta-feminina-estilo-parodia-discos.webp | https://http2.mlstatic.com/D_NQ_NP_788637-MLB116611675930_092026-O-camiseta-feminina-estilo-parodia-discos.webp | https://http2.mlstatic.com/D_NQ_NP_974695-MLB117652647909_092026-O-camiseta-feminina-estilo-parodia-discos.webp | https://http2.mlstatic.com/D_Q_NP_2X_617080-MLB118123295611_092026-R-camiseta-feminina-estilo-parodia-discos.webp | https://http2.mlstatic.com/D_Q_NP_2X_625657-MLB117862166493_092026-2X.webp | https://http2.mlstatic.com/D_Q_NP_2X_638371-MLB118122765071_092026-R-camiseta-feminina-estilo-parodia-discos.webp | https://http2.mlstatic.com/D_Q_NP_2X_658842-MLB117862167311_092026-2X.webp | https://http2.mlstatic.com/D_Q_NP_2X_658842-MLB117862167311_092026-R-camiseta-feminina-estilo-parodia-discos.webp | https://http2.mlstatic.com/D_Q_NP_2X_694716-MLB116610403858_092026-R-camiseta-feminina-estilo-parodia-discos.webp | https://http2.mlstatic.com/D_Q_NP_2X_788637-MLB116611675930_092026-R-camiseta-feminina-estilo-parodia-discos.webp | https://http2.mlstatic.com/D_Q_NP_2X_974695-MLB117652647909_092026-R-camiseta-feminina-estilo-parodia-discos.webp | https://http2.mlstatic.com/storage/catalog-technical-specs/images/assets/vectorial/brand.svg | https://http2.mlstatic.com/storage/catalog-technical-specs/images/assets/vectorial/main_material.svg | https://http2.mlstatic.com/storage/logos-api-admin/00174300-571e-11e8-8364-bff51f08d440-m.svg | https://http2.mlstatic.com/storage/logos-api-admin/9cf818e0-723a-11f0-a459-cf21d0937aeb-m.svg | https://http2.mlstatic.com/storage/logos-api-admin/a5f047d0-9be0-11ec-aad4-c3381f368aaf-m.svg | https://http2.mlstatic.com/storage/logos-api-admin/b2c93a40-f3be-11eb-9984-b7076edb0bb7-m.svg | https://http2.mlstatic.com/storage/logos-api-admin/bb7c7bb0-adec-11f0-92e6-59fb0bcb38c2-m.svg | https://http2.mlstatic.com/storage/logos-api-admin/f99fcca0-f3bd-11eb-9984-b7076edb0bb7-m.svg,5,{}
MLB7639790322,Camiseta Feminina Estilo Paródia Banksy Flor,Camisetas e Regatas,86.0,"R$ 86,00",3,,https://www.mercadolivre.com.br/camiseta-feminina-estilo-parodia-banksy-flor/up/MLBU5164566597?pdp_filters=seller_id%3A3394140237#polycard_client=search-desktop&be_origin=backend&overlay_label=not_apply&search_layout=grid&position=10&type=product&tracking_id=7c29941c-c444-477e-ae53-8e7023834d34&wid=MLB7639790322&sid=search,https://http2.mlstatic.com/D_Q_NP_2X_641539-MLB117861121573_092026-E--camiseta-feminina-estilo-parodia-banksy-flor.webp,Camiseta Feminina Estilo Paródia Banksy Flor,"A Camiseta feminina Estilo Paródia combina conforto e personalidade em uma proposta leve para o dia a dia. Com modelagem ampla, manga curta e gola canoa, ela oferece um visual descomplicado, ideal para compor looks casuais com autenticidade.

Confeccionada em malha fria de 67% poliéster e 33% viscose, possui toque macio, alta durabilidade, secagem rápida e não amassa fácil. A estampa traz a famosa arte urbana de Banksy, destacando a figura do lançador de flores com o buquê colorido. Uma peça que une street art, protesto poético e muita atitude para destacar o seu visual.

Ficou com dúvidas? Chame a gente no campo de perguntas!
Obrigado por escolher a Estilo Paródia!

* Nossa peça não tem acabamento na gola,barra e gola estilo Japonesa *

Garantia do vendedor: 7 dias",https://http2.mlstatic.com/D_NQ_NP_638855-MLA117668038885_092026-2X.jpg | https://http2.mlstatic.com/D_NQ_NP_639019-MLB116170523798_092026-O-camiseta-feminina-estilo-parodia-banksy-flor.webp | https://http2.mlstatic.com/D_NQ_NP_641539-MLB117861121573_092026-O-camiseta-feminina-estilo-parodia-banksy-flor.webp | https://http2.mlstatic.com/D_NQ_NP_651089-MLB116604596002_092026-O-camiseta-feminina-estilo-parodia-banksy-flor.webp | https://http2.mlstatic.com/D_NQ_NP_743815-MLB118115730821_092026-O-camiseta-feminina-estilo-parodia-banksy-flor.webp | https://http2.mlstatic.com/D_NQ_NP_890081-MLB118114905515_092026-O-camiseta-feminina-estilo-parodia-banksy-flor.webp | https://http2.mlstatic.com/D_NQ_NP_974510-MLB118115966735_092026-O-camiseta-feminina-estilo-parodia-banksy-flor.webp | https://http2.mlstatic.com/D_Q_NP_2X_639019-MLB116170523798_092026-R-camiseta-feminina-estilo-parodia-banksy-flor.webp | https://http2.mlstatic.com/D_Q_NP_2X_641539-MLB117861121573_092026-2X.webp | https://http2.mlstatic.com/D_Q_NP_2X_641539-MLB117861121573_092026-R-camiseta-feminina-estilo-parodia-banksy-flor.webp | https://http2.mlstatic.com/D_Q_NP_2X_651089-MLB116604596002_092026-R-camiseta-feminina-estilo-parodia-banksy-flor.webp | https://http2.mlstatic.com/D_Q_NP_2X_697435-MLB116362978640_092026-2X.webp | https://http2.mlstatic.com/D_Q_NP_2X_743815-MLB118115730821_092026-R-camiseta-feminina-estilo-parodia-banksy-flor.webp | https://http2.mlstatic.com/D_Q_NP_2X_877465-MLB116362835530_092026-2X.webp | https://http2.mlstatic.com/D_Q_NP_2X_890081-MLB118114905515_092026-R-camiseta-feminina-estilo-parodia-banksy-flor.webp | https://http2.mlstatic.com/D_Q_NP_2X_974510-MLB118115966735_092026-R-camiseta-feminina-estilo-parodia-banksy-flor.webp | https://http2.mlstatic.com/storage/catalog-technical-specs/images/assets/vectorial/brand.svg | https://http2.mlstatic.com/storage/catalog-technical-specs/images/assets/vectorial/main_material.svg | https://http2.mlstatic.com/storage/logos-api-admin/00174300-571e-11e8-8364-bff51f08d440-m.svg | https://http2.mlstatic.com/storage/logos-api-admin/9cf818e0-723a-11f0-a459-cf21d0937aeb-m.svg | https://http2.mlstatic.com/storage/logos-api-admin/a5f047d0-9be0-11ec-aad4-c3381f368aaf-m.svg | https://http2.mlstatic.com/storage/logos-api-admin/b2c93a40-f3be-11eb-9984-b7076edb0bb7-m.svg | https://http2.mlstatic.com/storage/logos-api-admin/bb7c7bb0-adec-11f0-92e6-59fb0bcb38c2-m.svg | https://http2.mlstatic.com/storage/logos-api-admin/f99fcca0-f3bd-11eb-9984-b7076edb0bb7-m.svg,5,{}
MLB6833581906,Camisetas Femininas Estilo Paródia Frida Khalo,Camisetas e Regatas,83.42,"R$ 83,42",,"#000000, #0DA600",https://produto.mercadolivre.com.br/MLB-6833581906-camisetas-femininas-estilo-parodia-frida-khalo-_JM?searchVariation=195281582258&pdp_filters=seller_id%3A3394140237#polycard_client=search-desktop&searchVariation=195281582258&be_origin=backend&overlay_label=not_apply&search_layout=grid&position=11&type=item&tracking_id=7c29941c-c444-477e-ae53-8e7023834d34&sid=search,https://http2.mlstatic.com/D_Q_NP_2X_681235-MLB117752156855_092026-E-camisetas-femininas-estilo-parodia-frida-khalo.webp,Camisetas Femininas Estilo Paródia Frida Khalo,"Camiseta feminina Estilo Paródia Frida Khalo, ideal para compor looks casuais no dia a dia. Tem caimento reto, gola redonda e manga curta, com uma proposta leve e versátil para encontros informais e momentos descontraídos.

Uma peça com referência criativa e visual fácil de combinar com calças, saias ou bermudas.


* Nossa peça não possui acabamento na gola,barra e manga estilo Japonesa *

Garantia do vendedor: 90 dias",https://http2.mlstatic.com/D_NQ_NP_664851-MLB118069587099_092026-O-camisetas-femininas-estilo-parodia-frida-khalo.webp | https://http2.mlstatic.com/D_NQ_NP_673725-MLB118067873717_092026-O-camisetas-femininas-estilo-parodia-frida-khalo.webp | https://http2.mlstatic.com/D_NQ_NP_681235-MLB117752156855_092026-O-camisetas-femininas-estilo-parodia-frida-khalo.webp | https://http2.mlstatic.com/D_NQ_NP_694659-MLB118069558779_092026-O-camisetas-femininas-estilo-parodia-frida-khalo.webp | https://http2.mlstatic.com/D_NQ_NP_757014-MLB116559925536_092026-O-camisetas-femininas-estilo-parodia-frida-khalo.webp | https://http2.mlstatic.com/D_NQ_NP_758675-MLB111153076332_052026-O-camisetas-femininas-estilo-parodia-frida-khalo.webp | https://http2.mlstatic.com/D_Q_NP_2X_618326-MLB117751722157_092026-2X.webp | https://http2.mlstatic.com/D_Q_NP_2X_630369-MLB117752157569_092026-2X.webp | https://http2.mlstatic.com/D_Q_NP_2X_664851-MLB118069587099_092026-R-camisetas-femininas-estilo-parodia-frida-khalo.webp | https://http2.mlstatic.com/D_Q_NP_2X_673725-MLB118067873717_092026-R-camisetas-femininas-estilo-parodia-frida-khalo.webp | https://http2.mlstatic.com/D_Q_NP_2X_681235-MLB117752156855_092026-2X.webp | https://http2.mlstatic.com/D_Q_NP_2X_681235-MLB117752156855_092026-R-camisetas-femininas-estilo-parodia-frida-khalo.webp | https://http2.mlstatic.com/D_Q_NP_2X_694659-MLB118069558779_092026-R-camisetas-femininas-estilo-parodia-frida-khalo.webp | https://http2.mlstatic.com/D_Q_NP_2X_757014-MLB116559925536_092026-R-camisetas-femininas-estilo-parodia-frida-khalo.webp | https://http2.mlstatic.com/D_Q_NP_2X_758675-MLB111153076332_052026-R-camisetas-femininas-estilo-parodia-frida-khalo.webp | https://http2.mlstatic.com/storage/catalog-technical-specs/images/assets/vectorial/brand.svg | https://http2.mlstatic.com/storage/catalog-technical-specs/images/assets/vectorial/default.svg | https://http2.mlstatic.com/storage/logos-api-admin/00174300-571e-11e8-8364-bff51f08d440-m.svg | https://http2.mlstatic.com/storage/logos-api-admin/9cf818e0-723a-11f0-a459-cf21d0937aeb-m.svg | https://http2.mlstatic.com/storage/logos-api-admin/a5f047d0-9be0-11ec-aad4-c3381f368aaf-m.svg | https://http2.mlstatic.com/storage/logos-api-admin/b2c93a40-f3be-11eb-9984-b7076edb0bb7-m.svg | https://http2.mlstatic.com/storage/logos-api-admin/bb7c7bb0-adec-11f0-92e6-59fb0bcb38c2-m.svg | https://http2.mlstatic.com/storage/logos-api-admin/f3e8e940-f549-11ef-bad6-e9962bcd76e5-m.svg | https://http2.mlstatic.com/storage/logos-api-admin/f99fcca0-f3bd-11eb-9984-b7076edb0bb7-m.svg,5,{}
MLB7659251028,Camiseta Feminina Estilo Paródia Woodstock,Camisetas e Regatas,86.0,"R$ 86,00",5,,https://www.mercadolivre.com.br/camiseta-feminina-estilo-parodia-woodstock/up/MLBU5196821809?pdp_filters=seller_id%3A3394140237#polycard_client=search-desktop&be_origin=backend&overlay_label=not_apply&search_layout=grid&position=12&type=product&tracking_id=7c29941c-c444-477e-ae53-8e7023834d34&wid=MLB7659251028&sid=search,https://http2.mlstatic.com/D_Q_NP_2X_672148-MLB117861359749_092026-E--camiseta-feminina-estilo-parodia-woodstock.webp,Camiseta Feminina Estilo Paródia Woodstock,"A Camiseta feminina Estilo Paródia combina conforto e personalidade em uma proposta leve para o dia a dia. Com modelagem ampla, manga curta e gola canoa, ela oferece um visual descomplicado, ideal para compor looks casuais com autenticidade.

Confeccionada em malha fria de 67% poliéster e 33% viscose, possui toque macio, alta durabilidade, secagem rápida e não amassa fácil. A estampa traz o passarinho Woodstock (da turma do Snoopy) pousado sobre o braço de um violão que se funde ao símbolo do Festival de Woodstock de 1969, unindo nostalgia, cultura pop e paixão pela música.

Ficou com dúvidas? Chame a gente no campo de perguntas!
Obrigado por escolher a Estilo Paródia!

* Nossa peça não tem acabamento na gola,barra e gola estilo Japonesa *

Garantia do vendedor: 7 dias",https://http2.mlstatic.com/D_NQ_NP_631277-MLB116337378486_092026-O-camiseta-feminina-estilo-parodia-woodstock.webp | https://http2.mlstatic.com/D_NQ_NP_632105-MLB118114642603_092026-O-camiseta-feminina-estilo-parodia-woodstock.webp | https://http2.mlstatic.com/D_NQ_NP_672148-MLB117861359749_092026-O-camiseta-feminina-estilo-parodia-woodstock.webp | https://http2.mlstatic.com/D_NQ_NP_826220-MLB116604598384_092026-O-camiseta-feminina-estilo-parodia-woodstock.webp | https://http2.mlstatic.com/D_Q_NP_2X_620796-MLB118115791889_092026-2X.webp | https://http2.mlstatic.com/D_Q_NP_2X_631277-MLB116337378486_092026-R-camiseta-feminina-estilo-parodia-woodstock.webp | https://http2.mlstatic.com/D_Q_NP_2X_632105-MLB118114642603_092026-R-camiseta-feminina-estilo-parodia-woodstock.webp | https://http2.mlstatic.com/D_Q_NP_2X_672148-MLB117861359749_092026-2X.webp | https://http2.mlstatic.com/D_Q_NP_2X_672148-MLB117861359749_092026-R-camiseta-feminina-estilo-parodia-woodstock.webp | https://http2.mlstatic.com/D_Q_NP_2X_783095-MLB117861215525_092026-2X.webp | https://http2.mlstatic.com/D_Q_NP_2X_826220-MLB116604598384_092026-R-camiseta-feminina-estilo-parodia-woodstock.webp | https://http2.mlstatic.com/D_Q_NP_2X_866351-MLB117861155651_092026-2X.webp | https://http2.mlstatic.com/D_Q_NP_2X_905272-MLB117860741453_092026-2X.webp | https://http2.mlstatic.com/storage/catalog-technical-specs/images/assets/vectorial/brand.svg | https://http2.mlstatic.com/storage/catalog-technical-specs/images/assets/vectorial/main_material.svg | https://http2.mlstatic.com/storage/logos-api-admin/00174300-571e-11e8-8364-bff51f08d440-m.svg | https://http2.mlstatic.com/storage/logos-api-admin/9cf818e0-723a-11f0-a459-cf21d0937aeb-m.svg | https://http2.mlstatic.com/storage/logos-api-admin/a5f047d0-9be0-11ec-aad4-c3381f368aaf-m.svg | https://http2.mlstatic.com/storage/logos-api-admin/b2c93a40-f3be-11eb-9984-b7076edb0bb7-m.svg | https://http2.mlstatic.com/storage/logos-api-admin/bb7c7bb0-adec-11f0-92e6-59fb0bcb38c2-m.svg | https://http2.mlstatic.com/storage/logos-api-admin/f99fcca0-f3bd-11eb-9984-b7076edb0bb7-m.svg,5,{}
MLB7659618476,Camiseta Feminina Estilo Paródia Coração,Camisetas e Regatas,86.0,"R$ 86,00",,,https://www.mercadolivre.com.br/camiseta-feminina-estilo-parodia-coracao/up/MLBU5197391231?pdp_filters=seller_id%3A3394140237#polycard_client=search-desktop&be_origin=backend&overlay_label=not_apply&search_layout=grid&position=13&type=product&tracking_id=7c29941c-c444-477e-ae53-8e7023834d34&wid=MLB7659618476&sid=search,https://http2.mlstatic.com/D_Q_NP_2X_800640-MLB117862164715_092026-E--camiseta-feminina-estilo-parodia-coracao.webp,Camiseta Feminina Estilo Paródia Coração,"A Camiseta feminina Estilo Paródia combina conforto e personalidade em uma proposta leve para o dia a dia. Com modelagem ampla, manga curta e gola canoa, ela oferece um visual descomplicado, ideal para compor looks casuais com autenticidade.

Confeccionada em malha fria de 67% poliéster e 33% viscose, possui toque macio, alta durabilidade, secagem rápida e não amassa fácil. A estampa traz uma poética ilustração de uma garotinha assoprando corações vermelhos como se fossem bolhas de sabão, unindo delicadeza, afeto e conceito urbano ao visual.

Ficou com dúvidas? Chame a gente no campo de perguntas!
Obrigado por escolher a Estilo Paródia!

** Nossa peça é descontruida,não tendo acabamento na gola,barra,e manga no modelo japonesa.

* Nossa peça não tem acabamento na gola,barra e gola estilo Japonesa *

Garantia do vendedor: 7 dias",https://http2.mlstatic.com/D_NQ_NP_647713-MLB118122141699_092026-O-camiseta-feminina-estilo-parodia-coracao.webp | https://http2.mlstatic.com/D_NQ_NP_653260-MLB118122231375_092026-O-camiseta-feminina-estilo-parodia-coracao.webp | https://http2.mlstatic.com/D_NQ_NP_741458-MLB118123502361_092026-O-camiseta-feminina-estilo-parodia-coracao.webp | https://http2.mlstatic.com/D_NQ_NP_764517-MLB117836486675_092026-O-camiseta-feminina-estilo-parodia-coracao.webp | https://http2.mlstatic.com/D_NQ_NP_800640-MLB117862164715_092026-O-camiseta-feminina-estilo-parodia-coracao.webp | https://http2.mlstatic.com/D_NQ_NP_966373-MLB116611230480_092026-O-camiseta-feminina-estilo-parodia-coracao.webp | https://http2.mlstatic.com/D_Q_NP_2X_647713-MLB118122141699_092026-R-camiseta-feminina-estilo-parodia-coracao.webp | https://http2.mlstatic.com/D_Q_NP_2X_653260-MLB118122231375_092026-R-camiseta-feminina-estilo-parodia-coracao.webp | https://http2.mlstatic.com/D_Q_NP_2X_741458-MLB118123502361_092026-R-camiseta-feminina-estilo-parodia-coracao.webp | https://http2.mlstatic.com/D_Q_NP_2X_764517-MLB117836486675_092026-R-camiseta-feminina-estilo-parodia-coracao.webp | https://http2.mlstatic.com/D_Q_NP_2X_800640-MLB117862164715_092026-2X.webp | https://http2.mlstatic.com/D_Q_NP_2X_800640-MLB117862164715_092026-R-camiseta-feminina-estilo-parodia-coracao.webp | https://http2.mlstatic.com/D_Q_NP_2X_966373-MLB116611230480_092026-R-camiseta-feminina-estilo-parodia-coracao.webp | https://http2.mlstatic.com/storage/catalog-technical-specs/images/assets/vectorial/brand.svg | https://http2.mlstatic.com/storage/catalog-technical-specs/images/assets/vectorial/main_material.svg | https://http2.mlstatic.com/storage/logos-api-admin/00174300-571e-11e8-8364-bff51f08d440-m.svg | https://http2.mlstatic.com/storage/logos-api-admin/9cf818e0-723a-11f0-a459-cf21d0937aeb-m.svg | https://http2.mlstatic.com/storage/logos-api-admin/a5f047d0-9be0-11ec-aad4-c3381f368aaf-m.svg | https://http2.mlstatic.com/storage/logos-api-admin/b2c93a40-f3be-11eb-9984-b7076edb0bb7-m.svg | https://http2.mlstatic.com/storage/logos-api-admin/bb7c7bb0-adec-11f0-92e6-59fb0bcb38c2-m.svg | https://http2.mlstatic.com/storage/logos-api-admin/f99fcca0-f3bd-11eb-9984-b7076edb0bb7-m.svg,5,{}
MLB5251583013,Camiseta Feminina Estilo Paródia Quixote,Camisetas e Regatas,65.0,"R$ 65,00",3,,https://www.mercadolivre.com.br/camiseta-feminina-estilo-parodia-quixote/up/MLBU5233516704?pdp_filters=seller_id%3A3394140237#polycard_client=search-desktop&be_origin=backend&overlay_label=not_apply&search_layout=grid&position=14&type=product&tracking_id=7c29941c-c444-477e-ae53-8e7023834d34&wid=MLB5251583013&sid=search,https://http2.mlstatic.com/D_Q_NP_2X_786286-MLB116671347082_092026-E--camiseta-feminina-estilo-parodia-quixote.webp,Camiseta Feminina Estilo Paródia Quixote,"A Camiseta feminina Estilo Paródia combina conforto e personalidade em uma proposta leve para o dia a dia. Com modelagem ampla, manga curta e gola canoa, ela oferece um visual descomplicado, ideal para compor looks casuais com autenticidade.

Confeccionada em malha fria de 67% poliéster e 33% viscose, possui toque macio, alta durabilidade, secagem rápida e não amassa fácil. A estampa traz a clássica ilustração de Dom Quixote e Sancho Pança criada por Pablo Picasso, unindo arte, literatura e cultura ao visual.

Ficou com dúvidas? Chame a gente no campo de perguntas!
Obrigado por escolher a Estilo Paródia!

* Nossa peça não tem acabamento na gola,barra e gola estilo Japonesa *

Garantia do vendedor: 7 dias",https://http2.mlstatic.com/D_NQ_NP_786286-MLB116671347082_092026-O-camiseta-feminina-estilo-parodia-quixote.webp | https://http2.mlstatic.com/D_NQ_NP_824752-MLB116670964160_092026-O-camiseta-feminina-estilo-parodia-quixote.webp | https://http2.mlstatic.com/D_NQ_NP_825064-MLB118188711539_092026-O-camiseta-feminina-estilo-parodia-quixote.webp | https://http2.mlstatic.com/D_NQ_NP_836586-MLB116671845180_092026-O-camiseta-feminina-estilo-parodia-quixote.webp | https://http2.mlstatic.com/D_NQ_NP_921447-MLB116335064582_092026-O-camiseta-feminina-estilo-parodia-quixote.webp | https://http2.mlstatic.com/D_Q_NP_2X_785105-MLB116670964996_092026-2X.webp | https://http2.mlstatic.com/D_Q_NP_2X_786286-MLB116671347082_092026-2X.webp | https://http2.mlstatic.com/D_Q_NP_2X_786286-MLB116671347082_092026-R-camiseta-feminina-estilo-parodia-quixote.webp | https://http2.mlstatic.com/D_Q_NP_2X_824752-MLB116670964160_092026-R-camiseta-feminina-estilo-parodia-quixote.webp | https://http2.mlstatic.com/D_Q_NP_2X_825064-MLB118188711539_092026-R-camiseta-feminina-estilo-parodia-quixote.webp | https://http2.mlstatic.com/D_Q_NP_2X_836586-MLB116671845180_092026-R-camiseta-feminina-estilo-parodia-quixote.webp | https://http2.mlstatic.com/D_Q_NP_2X_921447-MLB116335064582_092026-R-camiseta-feminina-estilo-parodia-quixote.webp | https://http2.mlstatic.com/D_Q_NP_2X_968882-MLB116671846316_092026-2X.webp | https://http2.mlstatic.com/storage/catalog-technical-specs/images/assets/vectorial/brand.svg | https://http2.mlstatic.com/storage/catalog-technical-specs/images/assets/vectorial/main_material.svg | https://http2.mlstatic.com/storage/logos-api-admin/00174300-571e-11e8-8364-bff51f08d440-m.svg | https://http2.mlstatic.com/storage/logos-api-admin/9cf818e0-723a-11f0-a459-cf21d0937aeb-m.svg | https://http2.mlstatic.com/storage/logos-api-admin/a5f047d0-9be0-11ec-aad4-c3381f368aaf-m.svg | https://http2.mlstatic.com/storage/logos-api-admin/b2c93a40-f3be-11eb-9984-b7076edb0bb7-m.svg | https://http2.mlstatic.com/storage/logos-api-admin/bb7c7bb0-adec-11f0-92e6-59fb0bcb38c2-m.svg | https://http2.mlstatic.com/storage/logos-api-admin/f99fcca0-f3bd-11eb-9984-b7076edb0bb7-m.svg,5,{}
MLB7586459636,Camiseta Feminina Estilo Paródia Descabelada,Camisetas e Regatas,86.0,"R$ 86,00",3,,https://www.mercadolivre.com.br/camiseta-feminina-estilo-parodia-descabelada/up/MLBU5108817362?pdp_filters=seller_id%3A3394140237#polycard_client=search-desktop&be_origin=backend&overlay_label=not_apply&search_layout=grid&position=15&type=product&tracking_id=7c29941c-c444-477e-ae53-8e7023834d34&wid=MLB7586459636&sid=search,https://http2.mlstatic.com/D_Q_NP_2X_830959-MLB118114450717_092026-E--camiseta-feminina-estilo-parodia-descabelada.webp,Camiseta Feminina Estilo Paródia Descabelada,"A Camiseta feminina Estilo Paródia combina conforto e personalidade em uma proposta leve para o dia a dia. Com modelagem ampla, manga curta e gola canoa, ela oferece um visual descomplicado, ideal para compor looks casuais com autenticidade.

Confeccionada em malha fria de 67% poliéster e 33% viscose, possui toque macio, alta durabilidade, secagem rápida e não amassa fácil. A estampa traz a carismática Mafalda em um momento ""descabelada"", garantindo um toque de ironia ao look. A combinação ideal para quem busca uma produção descontraída sem abrir mão da praticidade diária.

Ficou com dúvidas? Chame a gente no campo de perguntas!
Obrigado por escolher a Estilo Paródia!

* Nossa peça não tem acabamento na gola,barra e gola estilo Japonesa *

Garantia do vendedor: 7 dias",https://http2.mlstatic.com/D_NQ_NP_678303-MLB117162424513_092026-O-camiseta-feminina-estilo-parodia-descabelada.webp | https://http2.mlstatic.com/D_NQ_NP_830959-MLB118114450717_092026-O-camiseta-feminina-estilo-parodia-descabelada.webp | https://http2.mlstatic.com/D_NQ_NP_922697-MLB118114155617_092026-O-camiseta-feminina-estilo-parodia-descabelada.webp | https://http2.mlstatic.com/D_Q_NP_2X_607279-MLB118114895171_092026-2X.webp | https://http2.mlstatic.com/D_Q_NP_2X_635720-MLB118114627157_092026-2X.webp | https://http2.mlstatic.com/D_Q_NP_2X_678303-MLB117162424513_092026-R-camiseta-feminina-estilo-parodia-descabelada.webp | https://http2.mlstatic.com/D_Q_NP_2X_830959-MLB118114450717_092026-2X.webp | https://http2.mlstatic.com/D_Q_NP_2X_830959-MLB118114450717_092026-R-camiseta-feminina-estilo-parodia-descabelada.webp | https://http2.mlstatic.com/D_Q_NP_2X_922697-MLB118114155617_092026-R-camiseta-feminina-estilo-parodia-descabelada.webp | https://http2.mlstatic.com/storage/catalog-technical-specs/images/assets/vectorial/brand.svg | https://http2.mlstatic.com/storage/catalog-technical-specs/images/assets/vectorial/main_material.svg | https://http2.mlstatic.com/storage/logos-api-admin/00174300-571e-11e8-8364-bff51f08d440-m.svg | https://http2.mlstatic.com/storage/logos-api-admin/9cf818e0-723a-11f0-a459-cf21d0937aeb-m.svg | https://http2.mlstatic.com/storage/logos-api-admin/a5f047d0-9be0-11ec-aad4-c3381f368aaf-m.svg | https://http2.mlstatic.com/storage/logos-api-admin/b2c93a40-f3be-11eb-9984-b7076edb0bb7-m.svg | https://http2.mlstatic.com/storage/logos-api-admin/bb7c7bb0-adec-11f0-92e6-59fb0bcb38c2-m.svg | https://http2.mlstatic.com/storage/logos-api-admin/f99fcca0-f3bd-11eb-9984-b7076edb0bb7-m.svg,5,{}
MLB7639993324,Camiseta Feminina Estilo Paródia Basta,Camisetas e Regatas,86.0,"R$ 86,00",,,https://www.mercadolivre.com.br/camiseta-feminina-estilo-parodia-basta/up/MLBU5164832313?pdp_filters=seller_id%3A3394140237#polycard_client=search-desktop&be_origin=backend&overlay_label=not_apply&search_layout=grid&position=16&type=product&tracking_id=7c29941c-c444-477e-ae53-8e7023834d34&wid=MLB7639993324&sid=search,https://http2.mlstatic.com/D_Q_NP_2X_738504-MLB116326746616_092026-E--camiseta-feminina-estilo-parodia-basta.webp,Camiseta Feminina Estilo Paródia Basta,"A Camiseta feminina Estilo Paródia combina conforto e personalidade em uma proposta leve para o dia a dia. Com modelagem ampla, manga curta e gola canoa, ela oferece um visual descomplicado, ideal para compor looks casuais com autenticidade. 

Confeccionada em malha fria de 67% poliéster e 33% viscose, possui toque macio, alta durabilidade, secagem rápida e não amassa fácil. 
A estampa traz a icônica Mafalda gritando ""BASTA!"", expressando a opinião, identidade e atitude da personagem. Uma peça perfeita para quem gosta de um estilo autêntico e cheio de presença.

Ficou com dúvidas? Chame a gente no campo de perguntas!
Obrigado por escolher a Estilo Paródia!

Garantia do vendedor: 7 dias",https://http2.mlstatic.com/D_NQ_NP_660122-MLB117660086639_092026-O-camiseta-feminina-estilo-parodia-basta.webp | https://http2.mlstatic.com/D_NQ_NP_738504-MLB116326746616_092026-O-camiseta-feminina-estilo-parodia-basta.webp | https://http2.mlstatic.com/D_NQ_NP_822222-MLB118114151155_092026-O-camiseta-feminina-estilo-parodia-basta.webp | https://http2.mlstatic.com/D_NQ_NP_834724-MLB118114062379_092026-O-camiseta-feminina-estilo-parodia-basta.webp | https://http2.mlstatic.com/D_NQ_NP_971816-MLB118114447683_092026-O-camiseta-feminina-estilo-parodia-basta.webp | https://http2.mlstatic.com/D_NQ_NP_975271-MLB118114653735_092026-O-camiseta-feminina-estilo-parodia-basta.webp | https://http2.mlstatic.com/D_Q_NP_2X_660122-MLB117660086639_092026-R-camiseta-feminina-estilo-parodia-basta.webp | https://http2.mlstatic.com/D_Q_NP_2X_738504-MLB116326746616_092026-2X.webp | https://http2.mlstatic.com/D_Q_NP_2X_738504-MLB116326746616_092026-R-camiseta-feminina-estilo-parodia-basta.webp | https://http2.mlstatic.com/D_Q_NP_2X_822222-MLB118114151155_092026-R-camiseta-feminina-estilo-parodia-basta.webp | https://http2.mlstatic.com/D_Q_NP_2X_834724-MLB118114062379_092026-R-camiseta-feminina-estilo-parodia-basta.webp | https://http2.mlstatic.com/D_Q_NP_2X_971816-MLB118114447683_092026-R-camiseta-feminina-estilo-parodia-basta.webp | https://http2.mlstatic.com/D_Q_NP_2X_975271-MLB118114653735_092026-R-camiseta-feminina-estilo-parodia-basta.webp | https://http2.mlstatic.com/storage/catalog-technical-specs/images/assets/vectorial/brand.svg | https://http2.mlstatic.com/storage/catalog-technical-specs/images/assets/vectorial/main_material.svg | https://http2.mlstatic.com/storage/logos-api-admin/00174300-571e-11e8-8364-bff51f08d440-m.svg | https://http2.mlstatic.com/storage/logos-api-admin/9cf818e0-723a-11f0-a459-cf21d0937aeb-m.svg | https://http2.mlstatic.com/storage/logos-api-admin/a5f047d0-9be0-11ec-aad4-c3381f368aaf-m.svg | https://http2.mlstatic.com/storage/logos-api-admin/b2c93a40-f3be-11eb-9984-b7076edb0bb7-m.svg | https://http2.mlstatic.com/storage/logos-api-admin/bb7c7bb0-adec-11f0-92e6-59fb0bcb38c2-m.svg | https://http2.mlstatic.com/storage/logos-api-admin/f99fcca0-f3bd-11eb-9984-b7076edb0bb7-m.svg,5,{}
MLB4753266929,Camisetas Femininas Estilo Paródia Passarão,Camisetas e Regatas,83.42,"R$ 83,42",5,"#A0522D, #000000",https://produto.mercadolivre.com.br/MLB-4753266929-camisetas-femininas-estilo-parodia-passaro-_JM?searchVariation=203620027923&pdp_filters=seller_id%3A3394140237#polycard_client=search-desktop&searchVariation=203620027923&be_origin=backend&overlay_label=not_apply&search_layout=grid&position=17&type=item&tracking_id=7c29941c-c444-477e-ae53-8e7023834d34&sid=search,https://http2.mlstatic.com/D_Q_NP_2X_743557-MLB116261302296_092026-E-camisetas-femininas-estilo-parodia-passaro.webp,Camisetas Femininas Estilo Paródia Passarão,"Camiseta feminina Estilo Paródia Eles Passarão, ideal para compor looks casuais no dia a dia. Tem caimento reto, gola redonda e manga curta, com uma proposta leve e versátil para encontros informais e momentos descontraídos.

Uma peça com referência criativa e visual fácil de combinar com calças, saias ou bermudas.


* Nossa peça não possui acabamento na gola,barra e manga estilo Japonesa *

Garantia do vendedor: 90 dias",https://http2.mlstatic.com/D_NQ_NP_703552-MLB116559159418_092026-O-camisetas-femininas-estilo-parodia-passaro.webp | https://http2.mlstatic.com/D_NQ_NP_737548-MLB118069001119_092026-O-camisetas-femininas-estilo-parodia-passaro.webp | https://http2.mlstatic.com/D_NQ_NP_743557-MLB116261302296_092026-O-camisetas-femininas-estilo-parodia-passaro.webp | https://http2.mlstatic.com/D_NQ_NP_800430-MLB118069235405_092026-O-camisetas-femininas-estilo-parodia-passaro.webp | https://http2.mlstatic.com/D_NQ_NP_828738-MLB111876744616_062026-O-camisetas-femininas-estilo-parodia-passaro.webp | https://http2.mlstatic.com/D_NQ_NP_874596-MLB116559927486_092026-O-camisetas-femininas-estilo-parodia-passaro.webp | https://http2.mlstatic.com/D_NQ_NP_929986-MLA117418682129_092026-2X.jpg | https://http2.mlstatic.com/D_Q_NP_2X_688195-MLB117752156141_092026-2X.webp | https://http2.mlstatic.com/D_Q_NP_2X_699120-MLB116260423664_092026-2X.webp | https://http2.mlstatic.com/D_Q_NP_2X_703552-MLB116559159418_092026-R-camisetas-femininas-estilo-parodia-passaro.webp | https://http2.mlstatic.com/D_Q_NP_2X_737548-MLB118069001119_092026-R-camisetas-femininas-estilo-parodia-passaro.webp | https://http2.mlstatic.com/D_Q_NP_2X_743557-MLB116261302296_092026-2X.webp | https://http2.mlstatic.com/D_Q_NP_2X_743557-MLB116261302296_092026-R-camisetas-femininas-estilo-parodia-passaro.webp | https://http2.mlstatic.com/D_Q_NP_2X_800430-MLB118069235405_092026-R-camisetas-femininas-estilo-parodia-passaro.webp | https://http2.mlstatic.com/D_Q_NP_2X_815390-MLB116260273980_092026-2X.webp | https://http2.mlstatic.com/D_Q_NP_2X_828738-MLB111876744616_062026-R-camisetas-femininas-estilo-parodia-passaro.webp | https://http2.mlstatic.com/D_Q_NP_2X_874596-MLB116559927486_092026-R-camisetas-femininas-estilo-parodia-passaro.webp | https://http2.mlstatic.com/D_Q_NP_2X_922711-MLB117752095967_092026-2X.webp | https://http2.mlstatic.com/storage/catalog-technical-specs/images/assets/vectorial/brand.svg | https://http2.mlstatic.com/storage/catalog-technical-specs/images/assets/vectorial/default.svg | https://http2.mlstatic.com/storage/logos-api-admin/00174300-571e-11e8-8364-bff51f08d440-m.svg | https://http2.mlstatic.com/storage/logos-api-admin/9cf818e0-723a-11f0-a459-cf21d0937aeb-m.svg | https://http2.mlstatic.com/storage/logos-api-admin/a5f047d0-9be0-11ec-aad4-c3381f368aaf-m.svg | https://http2.mlstatic.com/storage/logos-api-admin/b2c93a40-f3be-11eb-9984-b7076edb0bb7-m.svg | https://http2.mlstatic.com/storage/logos-api-admin/bb7c7bb0-adec-11f0-92e6-59fb0bcb38c2-m.svg | https://http2.mlstatic.com/storage/logos-api-admin/f3e8e940-f549-11ef-bad6-e9962bcd76e5-m.svg | https://http2.mlstatic.com/storage/logos-api-admin/f99fcca0-f3bd-11eb-9984-b7076edb0bb7-m.svg,5,{}
MLB5185365193,Camiseta Feminina Estilo Paródia Fusca Azul,Camisetas e Regatas,86.0,"R$ 86,00",2,,https://www.mercadolivre.com.br/camiseta-feminina-estilo-parodia-fusca-azul/up/MLBU5109406174?pdp_filters=seller_id%3A3394140237#polycard_client=search-desktop&be_origin=backend&overlay_label=not_apply&search_layout=grid&position=18&type=product&tracking_id=7c29941c-c444-477e-ae53-8e7023834d34&wid=MLB5185365193&sid=search,https://http2.mlstatic.com/D_Q_NP_2X_640523-MLB116602471202_092026-E--camiseta-feminina-estilo-parodia-fusca-azul.webp,Camiseta Feminina Estilo Paródia Fusca Azul,"A camiseta feminina da marca Estilo Paródia foi pensada para quem busca uma opção prática, versátil e com visual leve para o dia a dia. A modelagem ampla contribui para uma proposta mais solta ao vestir, enquanto a gola canoa traz um acabamento delicado e atual.

Por ser uma camiseta, funciona bem em rotinas casuais, compromissos informais e momentos de lazer. É uma escolha interessante para compor looks simples com calças, saias ou shorts, mantendo aparência equilibrada e fácil de combinar.

O caimento amplo favorece liberdade de movimentos e uma sensação mais confortável ao longo do uso. Esse formato também ajuda a criar uma silhueta descontraída, sem perder a elegância que a gola canoa adiciona ao conjunto.

A proposta feminina aparece em uma linha visual que valoriza praticidade e estilo no mesmo produto. Isso torna a peça útil para quem prefere roupas com presença discreta, mas com detalhes que fazem diferença na composição do look.

Como item de vestuário, é uma opção que se adapta bem a diferentes momentos do cotidiano e pode transitar com facilidade entre produções básicas e combinações mais elaboradas. A modelagem ampla amplia as possibilidades de uso sem restringir os movimentos.

Para quem procura uma camiseta com acabamento simples, visual confortável e toque de sofisticação na gola, esta versão reúne atributos objetivos e fáceis de aproveitar no dia a dia.

* Nossa peça não tem acabamento na gola,barra e gola estilo Japonesa *

Garantia do vendedor: 7 dias",https://http2.mlstatic.com/D_NQ_NP_605713-MLB116602175444_092026-O-camiseta-feminina-estilo-parodia-fusca-azul.webp | https://http2.mlstatic.com/D_NQ_NP_636928-MLB116601732978_092026-O-camiseta-feminina-estilo-parodia-fusca-azul.webp | https://http2.mlstatic.com/D_NQ_NP_640523-MLB116602471202_092026-O-camiseta-feminina-estilo-parodia-fusca-azul.webp | https://http2.mlstatic.com/D_NQ_NP_713656-MLB115714807454_092026-O-camiseta-feminina-estilo-parodia-fusca-azul.webp | https://http2.mlstatic.com/D_NQ_NP_748193-MLA115909535950_092026-2X.jpg | https://http2.mlstatic.com/D_NQ_NP_982730-MLB116602205242_092026-O-camiseta-feminina-estilo-parodia-fusca-azul.webp | https://http2.mlstatic.com/D_Q_NP_2X_605713-MLB116602175444_092026-R-camiseta-feminina-estilo-parodia-fusca-azul.webp | https://http2.mlstatic.com/D_Q_NP_2X_636928-MLB116601732978_092026-R-camiseta-feminina-estilo-parodia-fusca-azul.webp | https://http2.mlstatic.com/D_Q_NP_2X_640523-MLB116602471202_092026-2X.webp | https://http2.mlstatic.com/D_Q_NP_2X_640523-MLB116602471202_092026-R-camiseta-feminina-estilo-parodia-fusca-azul.webp | https://http2.mlstatic.com/D_Q_NP_2X_713656-MLB115714807454_092026-R-camiseta-feminina-estilo-parodia-fusca-azul.webp | https://http2.mlstatic.com/D_Q_NP_2X_778212-MLB116326320080_092026-2X.webp | https://http2.mlstatic.com/D_Q_NP_2X_982730-MLB116602205242_092026-R-camiseta-feminina-estilo-parodia-fusca-azul.webp | https://http2.mlstatic.com/storage/catalog-technical-specs/images/assets/vectorial/brand.svg | https://http2.mlstatic.com/storage/catalog-technical-specs/images/assets/vectorial/main_material.svg | https://http2.mlstatic.com/storage/logos-api-admin/00174300-571e-11e8-8364-bff51f08d440-m.svg | https://http2.mlstatic.com/storage/logos-api-admin/9cf818e0-723a-11f0-a459-cf21d0937aeb-m.svg | https://http2.mlstatic.com/storage/logos-api-admin/a5f047d0-9be0-11ec-aad4-c3381f368aaf-m.svg | https://http2.mlstatic.com/storage/logos-api-admin/b2c93a40-f3be-11eb-9984-b7076edb0bb7-m.svg | https://http2.mlstatic.com/storage/logos-api-admin/bb7c7bb0-adec-11f0-92e6-59fb0bcb38c2-m.svg | https://http2.mlstatic.com/storage/logos-api-admin/f99fcca0-f3bd-11eb-9984-b7076edb0bb7-m.svg,5,{}
MLB7541569388,Camiseta Feminina Estilo Paródia Com Fé,Camisetas e Regatas,65.0,"R$ 65,00",6,,https://www.mercadolivre.com.br/camiseta-feminina-estilo-parodia-com-fe/up/MLBU4975299149?pdp_filters=seller_id%3A3394140237#polycard_client=search-desktop&be_origin=backend&overlay_label=not_apply&search_layout=grid&position=19&type=product&tracking_id=7c29941c-c444-477e-ae53-8e7023834d34&wid=MLB7541569388&sid=search,https://http2.mlstatic.com/D_Q_NP_2X_918335-MLB117860256437_092026-E--camiseta-feminina-estilo-parodia-com-fe.webp,Camiseta Feminina Estilo Paródia Com Fé,"A Camiseta feminina Estilo Paródia combina conforto e personalidade em uma proposta leve para o dia a dia. Com modelagem ampla, manga curta e gola canoa, ela oferece um visual descomplicado, ideal para compor looks casuais com autenticidade.

Confeccionada em malha fria de 67% poliéster e 33% viscose, possui toque macio, alta durabilidade, secagem rápida e não amassa fácil. A estampa com a frase ""Andá cum fé eu vou! A fé não custuma faiá"" traz uma dose extra de atitude e brasilidade ao visual. É a escolha perfeita para quem gosta de expressar sua essência em passeios, momentos de lazer e no cotidiano.

Ficou com dúvidas? Chame a gente no campo de perguntas!
Obrigado por escolher a Estilo Paródia!

* Nossa peça não tem acabamento na gola,barra e gola estilo Japonesa *

Garantia do vendedor: 7 dias",https://http2.mlstatic.com/D_NQ_NP_796962-MLB116838792183_082026-O-camiseta-feminina-estilo-parodia-com-fe.webp | https://http2.mlstatic.com/D_NQ_NP_918335-MLB117860256437_092026-O-camiseta-feminina-estilo-parodia-com-fe.webp | https://http2.mlstatic.com/D_NQ_NP_993915-MLB118114751441_092026-O-camiseta-feminina-estilo-parodia-com-fe.webp | https://http2.mlstatic.com/D_Q_NP_2X_618083-MLB118190217449_092026-2X.webp | https://http2.mlstatic.com/D_Q_NP_2X_796962-MLB116838792183_082026-R-camiseta-feminina-estilo-parodia-com-fe.webp | https://http2.mlstatic.com/D_Q_NP_2X_829233-MLB117860726315_092026-2X.webp | https://http2.mlstatic.com/D_Q_NP_2X_842546-MLB116603232798_092026-2X.webp | https://http2.mlstatic.com/D_Q_NP_2X_918335-MLB117860256437_092026-2X.webp | https://http2.mlstatic.com/D_Q_NP_2X_918335-MLB117860256437_092026-R-camiseta-feminina-estilo-parodia-com-fe.webp | https://http2.mlstatic.com/D_Q_NP_2X_955165-MLB117860260089_092026-2X.webp | https://http2.mlstatic.com/D_Q_NP_2X_956891-MLB117860577639_092026-2X.webp | https://http2.mlstatic.com/D_Q_NP_2X_993915-MLB118114751441_092026-R-camiseta-feminina-estilo-parodia-com-fe.webp | https://http2.mlstatic.com/storage/catalog-technical-specs/images/assets/vectorial/brand.svg | https://http2.mlstatic.com/storage/catalog-technical-specs/images/assets/vectorial/main_material.svg | https://http2.mlstatic.com/storage/logos-api-admin/00174300-571e-11e8-8364-bff51f08d440-m.svg | https://http2.mlstatic.com/storage/logos-api-admin/9cf818e0-723a-11f0-a459-cf21d0937aeb-m.svg | https://http2.mlstatic.com/storage/logos-api-admin/a5f047d0-9be0-11ec-aad4-c3381f368aaf-m.svg | https://http2.mlstatic.com/storage/logos-api-admin/b2c93a40-f3be-11eb-9984-b7076edb0bb7-m.svg | https://http2.mlstatic.com/storage/logos-api-admin/bb7c7bb0-adec-11f0-92e6-59fb0bcb38c2-m.svg | https://http2.mlstatic.com/storage/logos-api-admin/f99fcca0-f3bd-11eb-9984-b7076edb0bb7-m.svg,5,{}
MLB5133507313,Camiseta Feminina Estilo Paródia Café,Camisetas e Regatas,90.0,"R$ 90,00",4,,https://www.mercadolivre.com.br/camiseta-feminina-estilo-parodia-cafe/up/MLBU4923267843?pdp_filters=seller_id%3A3394140237#polycard_client=search-desktop&be_origin=backend&overlay_label=not_apply&search_layout=grid&position=20&type=product&tracking_id=7c29941c-c444-477e-ae53-8e7023834d34&wid=MLB5133507313&sid=search,https://http2.mlstatic.com/D_Q_NP_2X_768130-MLB116363600680_092026-E--camiseta-feminina-estilo-parodia-cafe.webp,Camiseta Feminina Estilo Paródia Café,"A Camiseta feminina Estilo Paródia combina conforto e personalidade em uma proposta leve para o dia a dia. Com modelagem ampla, manga curta e gola canoa, ela oferece um visual descomplicado, ideal para compor looks casuais com autenticidade.

Confeccionada em malha fria de 67% poliéster e 33% viscose, possui toque macio, alta durabilidade, secagem rápida e não amassa fácil. A estampa com a frase ""Tomá café eu vô, café não costuma faiá"" e ilustração de uma xícara fumegante traz um charme bem-humorado à peça, perfeita para os apaixonados por café, momentos de lazer, passeio e uso cotidiano.

Ficou com dúvidas? Chame a gente no campo de perguntas!
Obrigado por escolher a Estilo Paródia!

* Nossa peça não tem acabamento na gola,barra e gola estilo Japonesa *

Garantia do vendedor: 7 dias",https://http2.mlstatic.com/D_NQ_NP_705651-MLB118115944345_092026-O-camiseta-feminina-estilo-parodia-cafe.webp | https://http2.mlstatic.com/D_NQ_NP_718586-MLB116715265889_082026-O-camiseta-feminina-estilo-parodia-cafe.webp | https://http2.mlstatic.com/D_NQ_NP_768130-MLB116363600680_092026-O-camiseta-feminina-estilo-parodia-cafe.webp | https://http2.mlstatic.com/D_NQ_NP_807133-MLB118115796621_092026-O-camiseta-feminina-estilo-parodia-cafe.webp | https://http2.mlstatic.com/D_NQ_NP_943505-MLB116604194180_092026-O-camiseta-feminina-estilo-parodia-cafe.webp | https://http2.mlstatic.com/D_NQ_NP_981979-MLB116605218706_092026-O-camiseta-feminina-estilo-parodia-cafe.webp | https://http2.mlstatic.com/D_Q_NP_2X_652119-MLB116363716318_092026-2X.webp | https://http2.mlstatic.com/D_Q_NP_2X_705651-MLB118115944345_092026-R-camiseta-feminina-estilo-parodia-cafe.webp | https://http2.mlstatic.com/D_Q_NP_2X_718586-MLB116715265889_082026-R-camiseta-feminina-estilo-parodia-cafe.webp | https://http2.mlstatic.com/D_Q_NP_2X_733480-MLB117861132387_092026-2X.webp | https://http2.mlstatic.com/D_Q_NP_2X_768130-MLB116363600680_092026-2X.webp | https://http2.mlstatic.com/D_Q_NP_2X_768130-MLB116363600680_092026-R-camiseta-feminina-estilo-parodia-cafe.webp | https://http2.mlstatic.com/D_Q_NP_2X_807133-MLB118115796621_092026-R-camiseta-feminina-estilo-parodia-cafe.webp | https://http2.mlstatic.com/D_Q_NP_2X_943505-MLB116604194180_092026-R-camiseta-feminina-estilo-parodia-cafe.webp | https://http2.mlstatic.com/D_Q_NP_2X_963494-MLB116363717150_092026-2X.webp | https://http2.mlstatic.com/D_Q_NP_2X_981979-MLB116605218706_092026-R-camiseta-feminina-estilo-parodia-cafe.webp | https://http2.mlstatic.com/storage/catalog-technical-specs/images/assets/vectorial/brand.svg | https://http2.mlstatic.com/storage/catalog-technical-specs/images/assets/vectorial/main_material.svg | https://http2.mlstatic.com/storage/logos-api-admin/00174300-571e-11e8-8364-bff51f08d440-m.svg | https://http2.mlstatic.com/storage/logos-api-admin/9cf818e0-723a-11f0-a459-cf21d0937aeb-m.svg | https://http2.mlstatic.com/storage/logos-api-admin/a5f047d0-9be0-11ec-aad4-c3381f368aaf-m.svg | https://http2.mlstatic.com/storage/logos-api-admin/b2c93a40-f3be-11eb-9984-b7076edb0bb7-m.svg | https://http2.mlstatic.com/storage/logos-api-admin/bb7c7bb0-adec-11f0-92e6-59fb0bcb38c2-m.svg | https://http2.mlstatic.com/storage/logos-api-admin/f99fcca0-f3bd-11eb-9984-b7076edb0bb7-m.svg,5,{}
MLB7440962440,Camiseta Feminina Estilo Paródia Aorta,Camisetas e Regatas,90.0,"R$ 90,00",4,,https://www.mercadolivre.com.br/camiseta-feminina-estilo-parodia--aorta/up/MLBU4764487373?pdp_filters=seller_id%3A3394140237#polycard_client=search-desktop&be_origin=backend&overlay_label=not_apply&search_layout=grid&position=21&type=product&tracking_id=7c29941c-c444-477e-ae53-8e7023834d34&wid=MLB7440962440&sid=search,https://http2.mlstatic.com/D_Q_NP_2X_992622-MLB117822869153_092026-E--camiseta-feminina-estilo-parodia--aorta.webp,Camiseta Feminina Estilo Paródia Aorta,"Camiseta feminina Estilo Paródia, com gola canoa e proposta casual, pensada para quem gosta de um visual leve e atual. A modelagem em camiseta favorece o uso no dia a dia, em momentos de lazer, trabalho informal ou saídas descontraídas.

A gola canoa traz um acabamento elegante e ajuda a equilibrar o visual, deixando a peça versátil para combinar com diferentes estilos. É uma escolha prática para usar sozinha em dias amenos ou como parte de composições em camadas.

A estampa com frase Aorta adiciona personalidade à peça sem perder a leitura descomplicada. Esse detalhe valoriza quem procura uma camiseta com identidade, capaz de transmitir atitude com naturalidade.

Por ser voltada ao público feminino, a peça funciona bem em combinações com calças, shorts e saias, adaptando-se a rotinas variadas. A proposta é unir conforto visual e estilo em uma única camiseta, facilitando escolhas no dia a dia.

O modelo da Estilo Paródia segue uma linha que conversa com looks modernos e despojados, mantendo um acabamento que favorece o uso frequente. É uma peça fácil de inserir no guarda-roupa de quem prefere praticidade sem abrir mão de personalidade.

Uma camiseta versátil, com gola canoa e estampa marcante, para compor produções casuais com facilidade e autenticidade.

* Nossa peça não tem acabamento na gola,barra e gola estilo Japonesa *

Sem garantia",https://http2.mlstatic.com/D_NQ_NP_790579-MLA115899215730_092026-2X.jpg | https://http2.mlstatic.com/D_NQ_NP_913704-MLB116066644495_082026-O-camiseta-feminina-estilo-parodia--aorta.webp | https://http2.mlstatic.com/D_NQ_NP_965232-MLB118112834161_092026-O-camiseta-feminina-estilo-parodia--aorta.webp | https://http2.mlstatic.com/D_NQ_NP_992622-MLB117822869153_092026-O-camiseta-feminina-estilo-parodia--aorta.webp | https://http2.mlstatic.com/D_Q_NP_2X_773248-MLB117821270267_092026-2X.webp | https://http2.mlstatic.com/D_Q_NP_2X_838599-MLB117822247831_092026-2X.webp | https://http2.mlstatic.com/D_Q_NP_2X_859964-MLB116326387338_092026-2X.webp | https://http2.mlstatic.com/D_Q_NP_2X_913704-MLB116066644495_082026-R-camiseta-feminina-estilo-parodia--aorta.webp | https://http2.mlstatic.com/D_Q_NP_2X_965232-MLB118112834161_092026-R-camiseta-feminina-estilo-parodia--aorta.webp | https://http2.mlstatic.com/D_Q_NP_2X_992622-MLB117822869153_092026-2X.webp | https://http2.mlstatic.com/D_Q_NP_2X_992622-MLB117822869153_092026-R-camiseta-feminina-estilo-parodia--aorta.webp | https://http2.mlstatic.com/storage/catalog-technical-specs/images/assets/vectorial/brand.svg | https://http2.mlstatic.com/storage/catalog-technical-specs/images/assets/vectorial/main_material.svg | https://http2.mlstatic.com/storage/logos-api-admin/00174300-571e-11e8-8364-bff51f08d440-m.svg | https://http2.mlstatic.com/storage/logos-api-admin/9cf818e0-723a-11f0-a459-cf21d0937aeb-m.svg | https://http2.mlstatic.com/storage/logos-api-admin/a5f047d0-9be0-11ec-aad4-c3381f368aaf-m.svg | https://http2.mlstatic.com/storage/logos-api-admin/b2c93a40-f3be-11eb-9984-b7076edb0bb7-m.svg | https://http2.mlstatic.com/storage/logos-api-admin/bb7c7bb0-adec-11f0-92e6-59fb0bcb38c2-m.svg | https://http2.mlstatic.com/storage/logos-api-admin/f99fcca0-f3bd-11eb-9984-b7076edb0bb7-m.svg,5,{}
MLB5174194879,Camiseta Feminina Estilo Paródia Bowie,Camisetas e Regatas,86.0,"R$ 86,00",2,,https://www.mercadolivre.com.br/camiseta-feminina-estilo-parodia-bowie/up/MLBU5088419096?pdp_filters=seller_id%3A3394140237#polycard_client=search-desktop&be_origin=backend&overlay_label=not_apply&search_layout=grid&position=22&type=product&tracking_id=7c29941c-c444-477e-ae53-8e7023834d34&wid=MLB5174194879&sid=search,https://http2.mlstatic.com/D_Q_NP_2X_700542-MLB117822638109_092026-E--camiseta-feminina-estilo-parodia-bowie.webp,Camiseta Feminina Estilo Paródia Bowie,"A Camiseta Gola Canoa Bowie da Estilo Paródia foi pensada para quem busca uma peça feminina com visual atual e fácil de combinar. A gola canoa valoriza o colo de forma delicada e ajuda a criar composições versáteis para diferentes momentos do dia.

Por ser uma camiseta, ela se adapta bem a produções casuais, ao uso diário e a combinações com calças, saias ou shorts. O modelo entrega praticidade sem perder um toque de estilo, o que facilita montar looks com pouco esforço.

A proposta da marca Estilo Paródia conversa com quem gosta de roupas com identidade e presença no visual. É uma escolha interessante para quem prefere peças que funcionam bem sozinhas ou como parte de composições mais completas.

O caimento de uma camiseta feminina com gola canoa costuma favorecer um uso confortável e visual equilibrado, sem excesso de informação. Isso torna a peça adequada para acompanhar rotinas variadas, do passeio informal ao compromisso descontraído.

Se a ideia é ter uma camiseta versátil, com acabamento de aparência elegante e fácil de combinar, este modelo atende bem a esse perfil. Uma opção prática para quem valoriza simplicidade com personalidade.

* Nossa peça não tem acabamento na gola,barra e gola estilo Japonesa *

Garantia do vendedor: 7 dias",https://http2.mlstatic.com/D_NQ_NP_675852-MLB116602174286_092026-O-camiseta-feminina-estilo-parodia-bowie.webp | https://http2.mlstatic.com/D_NQ_NP_700542-MLB117822638109_092026-O-camiseta-feminina-estilo-parodia-bowie.webp | https://http2.mlstatic.com/D_NQ_NP_790049-MLA117667027521_092026-2X.jpg | https://http2.mlstatic.com/D_NQ_NP_840905-MLB116603205830_092026-O-camiseta-feminina-estilo-parodia-bowie.webp | https://http2.mlstatic.com/D_NQ_NP_854056-MLB116879048409_082026-O-camiseta-feminina-estilo-parodia-bowie.webp | https://http2.mlstatic.com/D_NQ_NP_916768-MLB118112919533_092026-O-camiseta-feminina-estilo-parodia-bowie.webp | https://http2.mlstatic.com/D_NQ_NP_973074-MLB116603205594_092026-O-camiseta-feminina-estilo-parodia-bowie.webp | https://http2.mlstatic.com/D_Q_NP_2X_675852-MLB116602174286_092026-R-camiseta-feminina-estilo-parodia-bowie.webp | https://http2.mlstatic.com/D_Q_NP_2X_700542-MLB117822638109_092026-2X.webp | https://http2.mlstatic.com/D_Q_NP_2X_700542-MLB117822638109_092026-R-camiseta-feminina-estilo-parodia-bowie.webp | https://http2.mlstatic.com/D_Q_NP_2X_788720-MLB117822784195_092026-2X.webp | https://http2.mlstatic.com/D_Q_NP_2X_840905-MLB116603205830_092026-R-camiseta-feminina-estilo-parodia-bowie.webp | https://http2.mlstatic.com/D_Q_NP_2X_854056-MLB116879048409_082026-R-camiseta-feminina-estilo-parodia-bowie.webp | https://http2.mlstatic.com/D_Q_NP_2X_916768-MLB118112919533_092026-R-camiseta-feminina-estilo-parodia-bowie.webp | https://http2.mlstatic.com/D_Q_NP_2X_973074-MLB116603205594_092026-R-camiseta-feminina-estilo-parodia-bowie.webp | https://http2.mlstatic.com/storage/catalog-technical-specs/images/assets/vectorial/brand.svg | https://http2.mlstatic.com/storage/catalog-technical-specs/images/assets/vectorial/main_material.svg | https://http2.mlstatic.com/storage/logos-api-admin/00174300-571e-11e8-8364-bff51f08d440-m.svg | https://http2.mlstatic.com/storage/logos-api-admin/9cf818e0-723a-11f0-a459-cf21d0937aeb-m.svg | https://http2.mlstatic.com/storage/logos-api-admin/a5f047d0-9be0-11ec-aad4-c3381f368aaf-m.svg | https://http2.mlstatic.com/storage/logos-api-admin/b2c93a40-f3be-11eb-9984-b7076edb0bb7-m.svg | https://http2.mlstatic.com/storage/logos-api-admin/bb7c7bb0-adec-11f0-92e6-59fb0bcb38c2-m.svg | https://http2.mlstatic.com/storage/logos-api-admin/f99fcca0-f3bd-11eb-9984-b7076edb0bb7-m.svg,5,{}
MLB7575201488,Camiseta Feminina Estilo Paródia Hey Jude,Camisetas e Regatas,86.0,"R$ 86,00",2,,https://www.mercadolivre.com.br/camiseta-feminina-estilo-parodia-hey-jude/up/MLBU5056668805?pdp_filters=seller_id%3A3394140237#polycard_client=search-desktop&be_origin=backend&overlay_label=not_apply&search_layout=grid&position=23&type=product&tracking_id=7c29941c-c444-477e-ae53-8e7023834d34&wid=MLB7575201488&sid=search,https://http2.mlstatic.com/D_Q_NP_2X_886904-MLB117861395183_092026-E--camiseta-feminina-estilo-parodia-hey-jude.webp,Camiseta Feminina Estilo Paródia Hey Jude,"A Camiseta feminina Estilo Paródia combina conforto e estilo próprio em uma proposta leve para o dia a dia. Com modelagem ampla, manga curta e gola canoa, ela oferece um visual descomplicado, ideal para compor looks casuais com autenticidade.

Confeccionada em malha fria de 67% poliéster e 33% viscose, possui toque macio, alta durabilidade, secagem rápida e não amassa fácil. A estampa traz a icônica frase ""Hey Jude"" com um toque retrô, perfeito para expressar sua paixão pela música com atitude e praticidade.

Ficou com dúvidas? Chame a gente no campo de perguntas!
Obrigado por escolher a Estilo Paródia!

* Nossa peça não tem acabamento na gola,barra e gola estilo Japonesa *

Garantia do vendedor: 7 dias",https://http2.mlstatic.com/D_NQ_NP_667016-MLB118114909457_092026-O-camiseta-feminina-estilo-parodia-hey-jude.webp | https://http2.mlstatic.com/D_NQ_NP_671139-MLB118115438629_092026-O-camiseta-feminina-estilo-parodia-hey-jude.webp | https://http2.mlstatic.com/D_NQ_NP_726413-MLB117037824321_092026-O-camiseta-feminina-estilo-parodia-hey-jude.webp | https://http2.mlstatic.com/D_NQ_NP_788627-MLB118115822977_092026-O-camiseta-feminina-estilo-parodia-hey-jude.webp | https://http2.mlstatic.com/D_NQ_NP_880729-MLB118114673317_092026-O-camiseta-feminina-estilo-parodia-hey-jude.webp | https://http2.mlstatic.com/D_NQ_NP_886904-MLB117861395183_092026-O-camiseta-feminina-estilo-parodia-hey-jude.webp | https://http2.mlstatic.com/D_Q_NP_2X_667016-MLB118114909457_092026-R-camiseta-feminina-estilo-parodia-hey-jude.webp | https://http2.mlstatic.com/D_Q_NP_2X_671139-MLB118115438629_092026-R-camiseta-feminina-estilo-parodia-hey-jude.webp | https://http2.mlstatic.com/D_Q_NP_2X_726413-MLB117037824321_092026-R-camiseta-feminina-estilo-parodia-hey-jude.webp | https://http2.mlstatic.com/D_Q_NP_2X_788627-MLB118115822977_092026-R-camiseta-feminina-estilo-parodia-hey-jude.webp | https://http2.mlstatic.com/D_Q_NP_2X_873845-MLB117860744949_092026-2X.webp | https://http2.mlstatic.com/D_Q_NP_2X_880729-MLB118114673317_092026-R-camiseta-feminina-estilo-parodia-hey-jude.webp | https://http2.mlstatic.com/D_Q_NP_2X_886904-MLB117861395183_092026-2X.webp | https://http2.mlstatic.com/D_Q_NP_2X_886904-MLB117861395183_092026-R-camiseta-feminina-estilo-parodia-hey-jude.webp | https://http2.mlstatic.com/storage/catalog-technical-specs/images/assets/vectorial/brand.svg | https://http2.mlstatic.com/storage/catalog-technical-specs/images/assets/vectorial/main_material.svg | https://http2.mlstatic.com/storage/logos-api-admin/00174300-571e-11e8-8364-bff51f08d440-m.svg | https://http2.mlstatic.com/storage/logos-api-admin/9cf818e0-723a-11f0-a459-cf21d0937aeb-m.svg | https://http2.mlstatic.com/storage/logos-api-admin/a5f047d0-9be0-11ec-aad4-c3381f368aaf-m.svg | https://http2.mlstatic.com/storage/logos-api-admin/b2c93a40-f3be-11eb-9984-b7076edb0bb7-m.svg | https://http2.mlstatic.com/storage/logos-api-admin/bb7c7bb0-adec-11f0-92e6-59fb0bcb38c2-m.svg | https://http2.mlstatic.com/storage/logos-api-admin/f99fcca0-f3bd-11eb-9984-b7076edb0bb7-m.svg,5,{}
MLB4753362507,Camisetas Femininas Estilo Paródia Chico Sciense,Camisetas e Regatas,86.0,"R$ 86,00",,"#A0522D, #0DA600",https://produto.mercadolivre.com.br/MLB-4753362507-camisetas-femininas-estilo-parodia-chico-sciense-_JM?searchVariation=203616475891&pdp_filters=seller_id%3A3394140237#polycard_client=search-desktop&searchVariation=203616475891&be_origin=backend&overlay_label=not_apply&search_layout=grid&position=24&type=item&tracking_id=7c29941c-c444-477e-ae53-8e7023834d34&sid=search,https://http2.mlstatic.com/D_Q_NP_2X_620353-MLB116564705864_092026-E-camisetas-femininas-estilo-parodia-chico-sciense.webp,Camisetas Femininas Estilo Paródia Chico Sciense,"Camiseta feminina Estilo Paródia Indie, ideal para looks casuais no dia a dia. Tem caimento reto, gola redonda e manga curta, com uma proposta leve e versátil para momentos descontraídos.

Composição: 67% poliéster e 33% viscose. Uma peça com referência criativa e visual fácil de combinar com calças, saias ou bermudas.

* Nossa peça não possui acabamento na gola,barra e manga estilo Japonesa *",https://http2.mlstatic.com/D_NQ_NP_620353-MLB116564705864_092026-O-camisetas-femininas-estilo-parodia-chico-sciense.webp | https://http2.mlstatic.com/D_NQ_NP_654923-MLB116564706048_092026-O-camisetas-femininas-estilo-parodia-chico-sciense.webp | https://http2.mlstatic.com/D_NQ_NP_853059-MLA116206181927_082026-2X.jpg | https://http2.mlstatic.com/D_NQ_NP_862653-MLB116565508596_092026-O-camisetas-femininas-estilo-parodia-chico-sciense.webp | https://http2.mlstatic.com/D_NQ_NP_872127-MLB116564501414_092026-O-camisetas-femininas-estilo-parodia-chico-sciense.webp | https://http2.mlstatic.com/D_NQ_NP_902481-MLB111877157682_062026-O-camisetas-femininas-estilo-parodia-chico-sciense.webp | https://http2.mlstatic.com/D_Q_NP_2X_620353-MLB116564705864_092026-2X.webp | https://http2.mlstatic.com/D_Q_NP_2X_620353-MLB116564705864_092026-R-camisetas-femininas-estilo-parodia-chico-sciense.webp | https://http2.mlstatic.com/D_Q_NP_2X_654923-MLB116564706048_092026-R-camisetas-femininas-estilo-parodia-chico-sciense.webp | https://http2.mlstatic.com/D_Q_NP_2X_735331-MLB111876749224_062026-2X.webp | https://http2.mlstatic.com/D_Q_NP_2X_862653-MLB116565508596_092026-R-camisetas-femininas-estilo-parodia-chico-sciense.webp | https://http2.mlstatic.com/D_Q_NP_2X_872127-MLB116564501414_092026-R-camisetas-femininas-estilo-parodia-chico-sciense.webp | https://http2.mlstatic.com/D_Q_NP_2X_902481-MLB111877157682_062026-R-camisetas-femininas-estilo-parodia-chico-sciense.webp | https://http2.mlstatic.com/storage/catalog-technical-specs/images/assets/vectorial/brand.svg | https://http2.mlstatic.com/storage/catalog-technical-specs/images/assets/vectorial/default.svg | https://http2.mlstatic.com/storage/logos-api-admin/00174300-571e-11e8-8364-bff51f08d440-m.svg | https://http2.mlstatic.com/storage/logos-api-admin/9cf818e0-723a-11f0-a459-cf21d0937aeb-m.svg | https://http2.mlstatic.com/storage/logos-api-admin/a5f047d0-9be0-11ec-aad4-c3381f368aaf-m.svg | https://http2.mlstatic.com/storage/logos-api-admin/b2c93a40-f3be-11eb-9984-b7076edb0bb7-m.svg | https://http2.mlstatic.com/storage/logos-api-admin/bb7c7bb0-adec-11f0-92e6-59fb0bcb38c2-m.svg | https://http2.mlstatic.com/storage/logos-api-admin/f3e8e940-f549-11ef-bad6-e9962bcd76e5-m.svg | https://http2.mlstatic.com/storage/logos-api-admin/f99fcca0-f3bd-11eb-9984-b7076edb0bb7-m.svg,5,{}
MLB6929012126,Camisetas Femininas Estilo Paródia Hair Style,Camisetas e Regatas,86.0,"R$ 86,00",,#0DA600,https://produto.mercadolivre.com.br/MLB-6929012126-camisetas-femininas-estilo-parodia-hair-style-_JM?searchVariation=203619283277&pdp_filters=seller_id%3A3394140237#polycard_client=search-desktop&searchVariation=203619283277&be_origin=backend&overlay_label=not_apply&search_layout=grid&position=25&type=item&tracking_id=7c29941c-c444-477e-ae53-8e7023834d34&sid=search,https://http2.mlstatic.com/D_Q_NP_2X_786343-MLB117821399009_092026-E-camisetas-femininas-estilo-parodia-hair-style.webp,Camisetas Femininas Estilo Parodia Hair Style,"Camiseta feminina Estilo Paródia Quentin Tarantino, ideal para looks casuais no dia a dia. Tem caimento reto, gola redonda e manga curta, com uma proposta leve e versátil para momentos de lazer e produções descontraídas.

Composição: 67% poliéster e 33% viscose. Uma peça com referência criativa e visual fácil de combinar com calças, saias ou bermudas.

* Nossa peça não tem acabamento na gola,barra e gola estilo Japonesa *",https://http2.mlstatic.com/D_NQ_NP_628745-MLA117412356441_092026-2X.jpg | https://http2.mlstatic.com/D_NQ_NP_674026-MLB118110997311_092026-O-camisetas-femininas-estilo-parodia-hair-style.webp | https://http2.mlstatic.com/D_NQ_NP_674837-MLB116600048788_092026-O-camisetas-femininas-estilo-parodia-hair-style.webp | https://http2.mlstatic.com/D_NQ_NP_735443-MLB116600048866_092026-O-camisetas-femininas-estilo-parodia-hair-style.webp | https://http2.mlstatic.com/D_NQ_NP_786343-MLB117821399009_092026-O-camisetas-femininas-estilo-parodia-hair-style.webp | https://http2.mlstatic.com/D_NQ_NP_968068-MLB118111292439_092026-O-camisetas-femininas-estilo-parodia-hair-style.webp | https://http2.mlstatic.com/D_NQ_NP_992900-MLB111877182528_062026-O-camisetas-femininas-estilo-parodia-hair-style.webp | https://http2.mlstatic.com/D_Q_NP_2X_672857-MLB117821606435_092026-2X.webp | https://http2.mlstatic.com/D_Q_NP_2X_674026-MLB118110997311_092026-R-camisetas-femininas-estilo-parodia-hair-style.webp | https://http2.mlstatic.com/D_Q_NP_2X_674837-MLB116600048788_092026-R-camisetas-femininas-estilo-parodia-hair-style.webp | https://http2.mlstatic.com/D_Q_NP_2X_735443-MLB116600048866_092026-R-camisetas-femininas-estilo-parodia-hair-style.webp | https://http2.mlstatic.com/D_Q_NP_2X_786343-MLB117821399009_092026-2X.webp | https://http2.mlstatic.com/D_Q_NP_2X_786343-MLB117821399009_092026-R-camisetas-femininas-estilo-parodia-hair-style.webp | https://http2.mlstatic.com/D_Q_NP_2X_968068-MLB118111292439_092026-R-camisetas-femininas-estilo-parodia-hair-style.webp | https://http2.mlstatic.com/D_Q_NP_2X_992900-MLB111877182528_062026-R-camisetas-femininas-estilo-parodia-hair-style.webp | https://http2.mlstatic.com/storage/catalog-technical-specs/images/assets/vectorial/brand.svg | https://http2.mlstatic.com/storage/catalog-technical-specs/images/assets/vectorial/default.svg | https://http2.mlstatic.com/storage/logos-api-admin/00174300-571e-11e8-8364-bff51f08d440-m.svg | https://http2.mlstatic.com/storage/logos-api-admin/9cf818e0-723a-11f0-a459-cf21d0937aeb-m.svg | https://http2.mlstatic.com/storage/logos-api-admin/a5f047d0-9be0-11ec-aad4-c3381f368aaf-m.svg | https://http2.mlstatic.com/storage/logos-api-admin/b2c93a40-f3be-11eb-9984-b7076edb0bb7-m.svg | https://http2.mlstatic.com/storage/logos-api-admin/bb7c7bb0-adec-11f0-92e6-59fb0bcb38c2-m.svg | https://http2.mlstatic.com/storage/logos-api-admin/f3e8e940-f549-11ef-bad6-e9962bcd76e5-m.svg | https://http2.mlstatic.com/storage/logos-api-admin/f99fcca0-f3bd-11eb-9984-b7076edb0bb7-m.svg,5,{}
MLB4749896853,Camisetas Femininas Estilo Paródia Brusinha,Camisetas e Regatas,86.0,"R$ 86,00",,"#A0522D, #000000, #FF8C00, #FFFFFF",https://produto.mercadolivre.com.br/MLB-4749896853-camisetas-femininas-estilo-parodia-brusinha-_JM?searchVariation=203556177931&pdp_filters=seller_id%3A3394140237#polycard_client=search-desktop&searchVariation=203556177931&be_origin=backend&overlay_label=not_apply&search_layout=grid&position=26&type=item&tracking_id=7c29941c-c444-477e-ae53-8e7023834d34&sid=search,https://http2.mlstatic.com/D_Q_NP_2X_935349-MLB117767802931_092026-E-camisetas-femininas-estilo-parodia-brusinha.webp,Camisetas Femininas Estilo Paródia Brusinha,"Camiseta feminina Estilo Paródia Bruzinha, ideal para looks casuais no dia a dia. Tem gola redonda e manga curta, com uma proposta leve e versátil para momentos descontraídos.

Composição: 67% poliéster e 33% viscose. Uma peça com referência criativa e visual fácil de combinar com calças, saias ou bermudas.

* Nossa peça não possui acabamento na gola,barra e manga estilo Japonesa *",https://http2.mlstatic.com/D_NQ_NP_603255-MLA117537624831_092026-2X.jpg | https://http2.mlstatic.com/D_NQ_NP_682997-MLB116564525652_092026-O-camisetas-femininas-estilo-parodia-brusinha.webp | https://http2.mlstatic.com/D_NQ_NP_706991-MLB118073989647_092026-O-camisetas-femininas-estilo-parodia-brusinha.webp | https://http2.mlstatic.com/D_NQ_NP_791997-MLB116564790564_092026-O-camisetas-femininas-estilo-parodia-brusinha.webp | https://http2.mlstatic.com/D_NQ_NP_837045-MLB116565800646_092026-O-camisetas-femininas-estilo-parodia-brusinha.webp | https://http2.mlstatic.com/D_NQ_NP_935349-MLB117767802931_092026-O-camisetas-femininas-estilo-parodia-brusinha.webp | https://http2.mlstatic.com/D_NQ_NP_959129-MLB112947479101_062026-O-camisetas-femininas-estilo-parodia-brusinha.webp | https://http2.mlstatic.com/D_Q_NP_2X_622236-MLB116275869292_092026-2X.webp | https://http2.mlstatic.com/D_Q_NP_2X_682997-MLB116564525652_092026-R-camisetas-femininas-estilo-parodia-brusinha.webp | https://http2.mlstatic.com/D_Q_NP_2X_706991-MLB118073989647_092026-R-camisetas-femininas-estilo-parodia-brusinha.webp | https://http2.mlstatic.com/D_Q_NP_2X_711043-MLB117767834259_092026-2X.webp | https://http2.mlstatic.com/D_Q_NP_2X_791997-MLB116564790564_092026-R-camisetas-femininas-estilo-parodia-brusinha.webp | https://http2.mlstatic.com/D_Q_NP_2X_837045-MLB116565800646_092026-R-camisetas-femininas-estilo-parodia-brusinha.webp | https://http2.mlstatic.com/D_Q_NP_2X_886617-MLB116277105134_092026-2X.webp | https://http2.mlstatic.com/D_Q_NP_2X_935349-MLB117767802931_092026-2X.webp | https://http2.mlstatic.com/D_Q_NP_2X_935349-MLB117767802931_092026-R-camisetas-femininas-estilo-parodia-brusinha.webp | https://http2.mlstatic.com/D_Q_NP_2X_959129-MLB112947479101_062026-R-camisetas-femininas-estilo-parodia-brusinha.webp | https://http2.mlstatic.com/storage/catalog-technical-specs/images/assets/vectorial/brand.svg | https://http2.mlstatic.com/storage/catalog-technical-specs/images/assets/vectorial/default.svg | https://http2.mlstatic.com/storage/logos-api-admin/00174300-571e-11e8-8364-bff51f08d440-m.svg | https://http2.mlstatic.com/storage/logos-api-admin/9cf818e0-723a-11f0-a459-cf21d0937aeb-m.svg | https://http2.mlstatic.com/storage/logos-api-admin/a5f047d0-9be0-11ec-aad4-c3381f368aaf-m.svg | https://http2.mlstatic.com/storage/logos-api-admin/b2c93a40-f3be-11eb-9984-b7076edb0bb7-m.svg | https://http2.mlstatic.com/storage/logos-api-admin/bb7c7bb0-adec-11f0-92e6-59fb0bcb38c2-m.svg | https://http2.mlstatic.com/storage/logos-api-admin/f3e8e940-f549-11ef-bad6-e9962bcd76e5-m.svg | https://http2.mlstatic.com/storage/logos-api-admin/f99fcca0-f3bd-11eb-9984-b7076edb0bb7-m.svg,5,{}
MLB6922786382,Camisetas Femininas Estilo Paródia Pop Art,Camisetas e Regatas,86.0,"R$ 86,00",,,https://produto.mercadolivre.com.br/MLB-6922786382-camisetas-femininas-estilo-parodia-pop-art-_JM?searchVariation=196150603180&pdp_filters=seller_id%3A3394140237#polycard_client=search-desktop&searchVariation=196150603180&be_origin=backend&overlay_label=not_apply&search_layout=grid&position=27&type=item&tracking_id=7c29941c-c444-477e-ae53-8e7023834d34&sid=search,https://http2.mlstatic.com/D_Q_NP_2X_727504-MLB116312799790_092026-E-camisetas-femininas-estilo-parodia-pop-art.webp,Camisetas Femininas Estilo Paródia Pop Art,"Camiseta feminina Estilo Paródia Banana Pop Art, ideal para looks casuais no dia a dia. Tem caimento reto, gola redonda e manga curta, com uma proposta leve e versátil para momentos de lazer e produções descontraídas.

Composição: 67% poliéster e 33% viscose. Uma peça com referência criativa e visual fácil de combinar com calças, saias ou bermudas.

* Nossa peça não tem acabamento na gola,barra e gola estilo Japonesa *",https://http2.mlstatic.com/D_NQ_NP_727504-MLB116312799790_092026-O-camisetas-femininas-estilo-parodia-pop-art.webp | https://http2.mlstatic.com/D_NQ_NP_777519-MLB112945140693_062026-O-camisetas-femininas-estilo-parodia-pop-art.webp | https://http2.mlstatic.com/D_NQ_NP_855785-MLB118107786669_092026-O-camisetas-femininas-estilo-parodia-pop-art.webp | https://http2.mlstatic.com/D_NQ_NP_876788-MLA116179626262_092026-2X.jpg | https://http2.mlstatic.com/D_NQ_NP_911191-MLB118108345321_092026-O-camisetas-femininas-estilo-parodia-pop-art.webp | https://http2.mlstatic.com/D_NQ_NP_924210-MLB118108285781_092026-O-camisetas-femininas-estilo-parodia-pop-art.webp | https://http2.mlstatic.com/D_NQ_NP_959446-MLB118107786917_092026-O-camisetas-femininas-estilo-parodia-pop-art.webp | https://http2.mlstatic.com/D_Q_NP_2X_727504-MLB116312799790_092026-R-camisetas-femininas-estilo-parodia-pop-art.webp | https://http2.mlstatic.com/D_Q_NP_2X_777519-MLB112945140693_062026-R-camisetas-femininas-estilo-parodia-pop-art.webp | https://http2.mlstatic.com/D_Q_NP_2X_855785-MLB118107786669_092026-R-camisetas-femininas-estilo-parodia-pop-art.webp | https://http2.mlstatic.com/D_Q_NP_2X_911191-MLB118108345321_092026-R-camisetas-femininas-estilo-parodia-pop-art.webp | https://http2.mlstatic.com/D_Q_NP_2X_924210-MLB118108285781_092026-R-camisetas-femininas-estilo-parodia-pop-art.webp | https://http2.mlstatic.com/D_Q_NP_2X_959446-MLB118107786917_092026-R-camisetas-femininas-estilo-parodia-pop-art.webp | https://http2.mlstatic.com/storage/catalog-technical-specs/images/assets/vectorial/brand.svg | https://http2.mlstatic.com/storage/catalog-technical-specs/images/assets/vectorial/default.svg | https://http2.mlstatic.com/storage/catalog-technical-specs/images/assets/vectorial/main_material.svg | https://http2.mlstatic.com/storage/logos-api-admin/00174300-571e-11e8-8364-bff51f08d440-m.svg | https://http2.mlstatic.com/storage/logos-api-admin/9cf818e0-723a-11f0-a459-cf21d0937aeb-m.svg | https://http2.mlstatic.com/storage/logos-api-admin/a5f047d0-9be0-11ec-aad4-c3381f368aaf-m.svg | https://http2.mlstatic.com/storage/logos-api-admin/b2c93a40-f3be-11eb-9984-b7076edb0bb7-m.svg | https://http2.mlstatic.com/storage/logos-api-admin/bb7c7bb0-adec-11f0-92e6-59fb0bcb38c2-m.svg | https://http2.mlstatic.com/storage/logos-api-admin/f3e8e940-f549-11ef-bad6-e9962bcd76e5-m.svg | https://http2.mlstatic.com/storage/logos-api-admin/f99fcca0-f3bd-11eb-9984-b7076edb0bb7-m.svg,5,{}
MLB6928560706,Camisetas Femininas Estilo Paródia Mona,Camisetas e Regatas,86.0,"R$ 86,00",,"#FF8C00, #0DA600, #FFFFFF",https://produto.mercadolivre.com.br/MLB-6928560706-camisetas-femininas-estilo-parodia-mona-_JM?searchVariation=203611423599&pdp_filters=seller_id%3A3394140237#polycard_client=search-desktop&searchVariation=203611423599&be_origin=backend&overlay_label=not_apply&search_layout=grid&position=28&type=item&tracking_id=7c29941c-c444-477e-ae53-8e7023834d34&sid=search,https://http2.mlstatic.com/D_Q_NP_2X_764081-MLB116324845504_092026-E-camisetas-femininas-estilo-parodia-mona.webp,Camisetas Femininas Estilo Paródia Mona,"Camiseta feminina Estilo Paródia Monaliza, ideal para looks casuais no dia a dia. Tem caimento reto, gola redonda e manga curta, com uma proposta leve e versátil para momentos de lazer e produções descontraídas.

Composição: 67% poliéster e 33% viscose. Uma peça com referência criativa e visual fácil de combinar com calças, saias ou bermudas.

* Nossa peça não tem acabamento na gola,barra e gola estilo Japonesa *",https://http2.mlstatic.com/D_NQ_NP_726013-MLA116059649960_092026-2X.jpg | https://http2.mlstatic.com/D_NQ_NP_748217-MLB116553648448_092026-O-camisetas-femininas-estilo-parodia-mona.webp | https://http2.mlstatic.com/D_NQ_NP_764081-MLB116324845504_092026-O-camisetas-femininas-estilo-parodia-mona.webp | https://http2.mlstatic.com/D_NQ_NP_807076-MLB111875797180_062026-O-camisetas-femininas-estilo-parodia-mona.webp | https://http2.mlstatic.com/D_Q_NP_2X_748217-MLB116553648448_092026-R-camisetas-femininas-estilo-parodia-mona.webp | https://http2.mlstatic.com/D_Q_NP_2X_764081-MLB116324845504_092026-2X.webp | https://http2.mlstatic.com/D_Q_NP_2X_764081-MLB116324845504_092026-R-camisetas-femininas-estilo-parodia-mona.webp | https://http2.mlstatic.com/D_Q_NP_2X_807076-MLB111875797180_062026-R-camisetas-femininas-estilo-parodia-mona.webp | https://http2.mlstatic.com/D_Q_NP_2X_823930-MLB116324637640_092026-2X.webp | https://http2.mlstatic.com/D_Q_NP_2X_901809-MLB117819673961_092026-2X.webp | https://http2.mlstatic.com/storage/catalog-technical-specs/images/assets/vectorial/brand.svg | https://http2.mlstatic.com/storage/catalog-technical-specs/images/assets/vectorial/default.svg | https://http2.mlstatic.com/storage/logos-api-admin/00174300-571e-11e8-8364-bff51f08d440-m.svg | https://http2.mlstatic.com/storage/logos-api-admin/9cf818e0-723a-11f0-a459-cf21d0937aeb-m.svg | https://http2.mlstatic.com/storage/logos-api-admin/a5f047d0-9be0-11ec-aad4-c3381f368aaf-m.svg | https://http2.mlstatic.com/storage/logos-api-admin/b2c93a40-f3be-11eb-9984-b7076edb0bb7-m.svg | https://http2.mlstatic.com/storage/logos-api-admin/bb7c7bb0-adec-11f0-92e6-59fb0bcb38c2-m.svg | https://http2.mlstatic.com/storage/logos-api-admin/f3e8e940-f549-11ef-bad6-e9962bcd76e5-m.svg | https://http2.mlstatic.com/storage/logos-api-admin/f99fcca0-f3bd-11eb-9984-b7076edb0bb7-m.svg,5,{}
MLB4706571747,Camisetas Femininas Estilo Paródia Dona Chica,Camisetas e Regatas,86.0,"R$ 86,00",,"#FF0000, #FFFFFF, #0DA600",https://produto.mercadolivre.com.br/MLB-4706571747-camisetas-femininas-estilo-parodia-dona-chica-_JM?searchVariation=195281204946&pdp_filters=seller_id%3A3394140237#polycard_client=search-desktop&searchVariation=195281204946&be_origin=backend&overlay_label=not_apply&search_layout=grid&position=29&type=item&tracking_id=7c29941c-c444-477e-ae53-8e7023834d34&sid=search,https://http2.mlstatic.com/D_Q_NP_2X_725833-MLB117758160725_092026-E-camisetas-femininas-estilo-parodia-dona-chica.webp,Camisetas Femininas Estilo Paródia Dona Chica,"Camiseta feminina Estilo Paródia Dona Chica, ideal para looks casuais no dia a dia. Tem caimento reto, gola redonda e manga curta, com uma proposta leve e versátil para momentos de lazer e produções descontraídas.

Composição: 67% poliéster e 33% viscose. Uma peça com referência criativa e visual fácil de combinar com calças, saias ou bermudas.

* Nossa peça não possui acabamento na gola,barra e manga estilo Japonesa *

Garantia do vendedor: 90 dias",https://http2.mlstatic.com/D_NQ_NP_604096-MLB118069363995_092026-O-camisetas-femininas-estilo-parodia-dona-chica.webp | https://http2.mlstatic.com/D_NQ_NP_715685-MLB112154280797_052026-O-camisetas-femininas-estilo-parodia-dona-chica.webp | https://http2.mlstatic.com/D_NQ_NP_725833-MLB117758160725_092026-O-camisetas-femininas-estilo-parodia-dona-chica.webp | https://http2.mlstatic.com/D_NQ_NP_728792-MLA117660258003_092026-2X.jpg | https://http2.mlstatic.com/D_NQ_NP_816082-MLB116561119226_092026-O-camisetas-femininas-estilo-parodia-dona-chica.webp | https://http2.mlstatic.com/D_NQ_NP_840353-MLB118069422163_092026-O-camisetas-femininas-estilo-parodia-dona-chica.webp | https://http2.mlstatic.com/D_NQ_NP_923393-MLB116560765720_092026-O-camisetas-femininas-estilo-parodia-dona-chica.webp | https://http2.mlstatic.com/D_Q_NP_2X_604096-MLB118069363995_092026-R-camisetas-femininas-estilo-parodia-dona-chica.webp | https://http2.mlstatic.com/D_Q_NP_2X_715685-MLB112154280797_052026-R-camisetas-femininas-estilo-parodia-dona-chica.webp | https://http2.mlstatic.com/D_Q_NP_2X_725833-MLB117758160725_092026-2X.webp | https://http2.mlstatic.com/D_Q_NP_2X_725833-MLB117758160725_092026-R-camisetas-femininas-estilo-parodia-dona-chica.webp | https://http2.mlstatic.com/D_Q_NP_2X_783558-MLB117757130109_092026-2X.webp | https://http2.mlstatic.com/D_Q_NP_2X_816082-MLB116561119226_092026-R-camisetas-femininas-estilo-parodia-dona-chica.webp | https://http2.mlstatic.com/D_Q_NP_2X_840353-MLB118069422163_092026-R-camisetas-femininas-estilo-parodia-dona-chica.webp | https://http2.mlstatic.com/D_Q_NP_2X_923393-MLB116560765720_092026-R-camisetas-femininas-estilo-parodia-dona-chica.webp | https://http2.mlstatic.com/D_Q_NP_2X_942635-MLB116510482500_092026-2X.webp | https://http2.mlstatic.com/storage/catalog-technical-specs/images/assets/vectorial/brand.svg | https://http2.mlstatic.com/storage/catalog-technical-specs/images/assets/vectorial/default.svg | https://http2.mlstatic.com/storage/logos-api-admin/00174300-571e-11e8-8364-bff51f08d440-m.svg | https://http2.mlstatic.com/storage/logos-api-admin/9cf818e0-723a-11f0-a459-cf21d0937aeb-m.svg | https://http2.mlstatic.com/storage/logos-api-admin/a5f047d0-9be0-11ec-aad4-c3381f368aaf-m.svg | https://http2.mlstatic.com/storage/logos-api-admin/b2c93a40-f3be-11eb-9984-b7076edb0bb7-m.svg | https://http2.mlstatic.com/storage/logos-api-admin/bb7c7bb0-adec-11f0-92e6-59fb0bcb38c2-m.svg | https://http2.mlstatic.com/storage/logos-api-admin/f3e8e940-f549-11ef-bad6-e9962bcd76e5-m.svg | https://http2.mlstatic.com/storage/logos-api-admin/f99fcca0-f3bd-11eb-9984-b7076edb0bb7-m.svg,5,{}
MLB4706624587,Camisetas Femininas Estilo Paródia Poeme-se,Camisetas e Regatas,86.0,"R$ 86,00",,"#000000, #0DA600, #A0522D",https://produto.mercadolivre.com.br/MLB-4706624587-camisetas-femininas-estilo-parodia-poeme-se-_JM?searchVariation=195281141536&pdp_filters=seller_id%3A3394140237#polycard_client=search-desktop&searchVariation=195281141536&be_origin=backend&overlay_label=not_apply&search_layout=grid&position=30&type=item&tracking_id=7c29941c-c444-477e-ae53-8e7023834d34&sid=search,https://http2.mlstatic.com/D_Q_NP_2X_822261-MLB117758174715_092026-E-camisetas-femininas-estilo-parodia-poeme-se.webp,Camisetas Femininas Estilo Paródia Poeme-se,"Camiseta feminina Estilo Paródia Poeme-se, ideal para looks casuais no dia a dia. Tem caimento reto, gola redonda e manga curta, com uma proposta leve e versátil para momentos de lazer e produções descontraídas.

Composição: 67% poliéster e 33% viscose. Uma peça com referência criativa e visual fácil de combinar com calças, saias ou bermudas.

* Nossa peça não possui acabamento na gola,barra e manga estilo Japonesa *

Garantia do vendedor: 90 dias",https://http2.mlstatic.com/D_NQ_NP_690935-MLB118069368713_092026-O-camisetas-femininas-estilo-parodia-poeme-se.webp | https://http2.mlstatic.com/D_NQ_NP_743420-MLB116561095150_092026-O-camisetas-femininas-estilo-parodia-poeme-se.webp | https://http2.mlstatic.com/D_NQ_NP_822261-MLB117758174715_092026-O-camisetas-femininas-estilo-parodia-poeme-se.webp | https://http2.mlstatic.com/D_NQ_NP_867800-MLB116561418384_092026-O-camisetas-femininas-estilo-parodia-poeme-se.webp | https://http2.mlstatic.com/D_NQ_NP_891538-MLB118070582953_092026-O-camisetas-femininas-estilo-parodia-poeme-se.webp | https://http2.mlstatic.com/D_NQ_NP_976902-MLB112154233089_052026-O-camisetas-femininas-estilo-parodia-poeme-se.webp | https://http2.mlstatic.com/D_Q_NP_2X_690935-MLB118069368713_092026-R-camisetas-femininas-estilo-parodia-poeme-se.webp | https://http2.mlstatic.com/D_Q_NP_2X_743420-MLB116561095150_092026-R-camisetas-femininas-estilo-parodia-poeme-se.webp | https://http2.mlstatic.com/D_Q_NP_2X_822261-MLB117758174715_092026-2X.webp | https://http2.mlstatic.com/D_Q_NP_2X_822261-MLB117758174715_092026-R-camisetas-femininas-estilo-parodia-poeme-se.webp | https://http2.mlstatic.com/D_Q_NP_2X_830667-MLB117758117963_092026-2X.webp | https://http2.mlstatic.com/D_Q_NP_2X_867800-MLB116561418384_092026-R-camisetas-femininas-estilo-parodia-poeme-se.webp | https://http2.mlstatic.com/D_Q_NP_2X_891538-MLB118070582953_092026-R-camisetas-femininas-estilo-parodia-poeme-se.webp | https://http2.mlstatic.com/D_Q_NP_2X_976902-MLB112154233089_052026-R-camisetas-femininas-estilo-parodia-poeme-se.webp | https://http2.mlstatic.com/D_Q_NP_2X_995621-MLB116266925136_092026-2X.webp | https://http2.mlstatic.com/storage/catalog-technical-specs/images/assets/vectorial/brand.svg | https://http2.mlstatic.com/storage/catalog-technical-specs/images/assets/vectorial/default.svg | https://http2.mlstatic.com/storage/logos-api-admin/00174300-571e-11e8-8364-bff51f08d440-m.svg | https://http2.mlstatic.com/storage/logos-api-admin/9cf818e0-723a-11f0-a459-cf21d0937aeb-m.svg | https://http2.mlstatic.com/storage/logos-api-admin/a5f047d0-9be0-11ec-aad4-c3381f368aaf-m.svg | https://http2.mlstatic.com/storage/logos-api-admin/b2c93a40-f3be-11eb-9984-b7076edb0bb7-m.svg | https://http2.mlstatic.com/storage/logos-api-admin/bb7c7bb0-adec-11f0-92e6-59fb0bcb38c2-m.svg | https://http2.mlstatic.com/storage/logos-api-admin/f3e8e940-f549-11ef-bad6-e9962bcd76e5-m.svg | https://http2.mlstatic.com/storage/logos-api-admin/f99fcca0-f3bd-11eb-9984-b7076edb0bb7-m.svg,5,{}
MLB4729117889,Camisetas Femininas Estilo Paródia Poulain,Camisetas e Regatas,86.0,"R$ 86,00",3,#000000,https://produto.mercadolivre.com.br/MLB-4729117889-camisetas-femininas-estilo-parodia-poulain-_JM?searchVariation=195740156022&pdp_filters=seller_id%3A3394140237#polycard_client=search-desktop&searchVariation=195740156022&be_origin=backend&overlay_label=not_apply&search_layout=grid&position=31&type=item&tracking_id=7c29941c-c444-477e-ae53-8e7023834d34&sid=search,https://http2.mlstatic.com/D_Q_NP_2X_999777-MLB117765469695_092026-E-camisetas-femininas-estilo-parodia-poulain.webp,Camisetas Femininas Estilo Paródia Poulain,"Camiseta feminina Estilo Paródia Amélie Poulain, ideal para looks casuais no dia a dia. Tem caimento reto, gola redonda e manga curta, com uma proposta leve e versátil para momentos descontraídos.

Composição: 67% poliéster e 33% viscose. Uma peça com referência criativa e visual fácil de combinar com calças, saias ou bermudas.

* Nossa peça não possui acabamento na gola,barra e manga estilo Japonesa *",https://http2.mlstatic.com/D_NQ_NP_610991-MLA115947887510_092026-2X.jpg | https://http2.mlstatic.com/D_NQ_NP_654668-MLB116565855764_092026-O-camisetas-femininas-estilo-parodia-poulain.webp | https://http2.mlstatic.com/D_NQ_NP_656747-MLB118074515035_092026-O-camisetas-femininas-estilo-parodia-poulain.webp | https://http2.mlstatic.com/D_NQ_NP_715746-MLB116564437550_092026-O-camisetas-femininas-estilo-parodia-poulain.webp | https://http2.mlstatic.com/D_NQ_NP_824338-MLB116564495694_092026-O-camisetas-femininas-estilo-parodia-poulain.webp | https://http2.mlstatic.com/D_NQ_NP_888042-MLB112590069425_062026-O-camisetas-femininas-estilo-parodia-poulain.webp | https://http2.mlstatic.com/D_NQ_NP_999777-MLB117765469695_092026-O-camisetas-femininas-estilo-parodia-poulain.webp | https://http2.mlstatic.com/D_Q_NP_2X_654668-MLB116565855764_092026-R-camisetas-femininas-estilo-parodia-poulain.webp | https://http2.mlstatic.com/D_Q_NP_2X_656747-MLB118074515035_092026-R-camisetas-femininas-estilo-parodia-poulain.webp | https://http2.mlstatic.com/D_Q_NP_2X_715746-MLB116564437550_092026-R-camisetas-femininas-estilo-parodia-poulain.webp | https://http2.mlstatic.com/D_Q_NP_2X_824338-MLB116564495694_092026-R-camisetas-femininas-estilo-parodia-poulain.webp | https://http2.mlstatic.com/D_Q_NP_2X_888042-MLB112590069425_062026-R-camisetas-femininas-estilo-parodia-poulain.webp | https://http2.mlstatic.com/D_Q_NP_2X_963417-MLB117765648857_092026-2X.webp | https://http2.mlstatic.com/D_Q_NP_2X_968108-MLB116565502614_092026-2X.webp | https://http2.mlstatic.com/D_Q_NP_2X_999777-MLB117765469695_092026-2X.webp | https://http2.mlstatic.com/D_Q_NP_2X_999777-MLB117765469695_092026-R-camisetas-femininas-estilo-parodia-poulain.webp | https://http2.mlstatic.com/storage/catalog-technical-specs/images/assets/vectorial/brand.svg | https://http2.mlstatic.com/storage/catalog-technical-specs/images/assets/vectorial/default.svg | https://http2.mlstatic.com/storage/logos-api-admin/00174300-571e-11e8-8364-bff51f08d440-m.svg | https://http2.mlstatic.com/storage/logos-api-admin/9cf818e0-723a-11f0-a459-cf21d0937aeb-m.svg | https://http2.mlstatic.com/storage/logos-api-admin/a5f047d0-9be0-11ec-aad4-c3381f368aaf-m.svg | https://http2.mlstatic.com/storage/logos-api-admin/b2c93a40-f3be-11eb-9984-b7076edb0bb7-m.svg | https://http2.mlstatic.com/storage/logos-api-admin/bb7c7bb0-adec-11f0-92e6-59fb0bcb38c2-m.svg | https://http2.mlstatic.com/storage/logos-api-admin/f3e8e940-f549-11ef-bad6-e9962bcd76e5-m.svg | https://http2.mlstatic.com/storage/logos-api-admin/f99fcca0-f3bd-11eb-9984-b7076edb0bb7-m.svg,5,{}
MLB6833614018,Camisetas Femininas Estilo Paródia Friends,Camisetas e Regatas,86.0,"R$ 86,00",,"#000000, #FFFFFF, #0DA600",https://produto.mercadolivre.com.br/MLB-6833614018-camisetas-femininas-estilo-parodia-friends-_JM?searchVariation=202612413633&pdp_filters=seller_id%3A3394140237#polycard_client=search-desktop&searchVariation=202612413633&be_origin=backend&overlay_label=not_apply&search_layout=grid&position=32&type=item&tracking_id=7c29941c-c444-477e-ae53-8e7023834d34&sid=search,https://http2.mlstatic.com/D_Q_NP_2X_651600-MLB116312407614_092026-E-camisetas-femininas-estilo-parodia-friends.webp,Camisetas Femininas Estilo Paródia Friends,"Camiseta feminina Estilo Paródia Gato Friends, ideal para looks casuais no dia a dia. Tem caimento reto, gola redonda e manga curta, com uma proposta leve e versátil para momentos de lazer e produções descontraídas.

Composição: 67% poliéster e 33% viscose. Uma peça com referência criativa e visual fácil de combinar com calças, saias ou bermudas.

* Nossa peça não tem acabamento na gola,barra e gola estilo Japonesa *",https://http2.mlstatic.com/D_NQ_NP_651600-MLB116312407614_092026-O-camisetas-femininas-estilo-parodia-friends.webp | https://http2.mlstatic.com/D_NQ_NP_684383-MLA117377715935_092026-2X.jpg | https://http2.mlstatic.com/D_NQ_NP_710119-MLB116596327638_092026-O-camisetas-femininas-estilo-parodia-friends.webp | https://http2.mlstatic.com/D_NQ_NP_809391-MLB112155390845_052026-O-camisetas-femininas-estilo-parodia-friends.webp | https://http2.mlstatic.com/D_NQ_NP_926954-MLB116596593144_092026-O-camisetas-femininas-estilo-parodia-friends.webp | https://http2.mlstatic.com/D_NQ_NP_929028-MLB116596475478_092026-O-camisetas-femininas-estilo-parodia-friends.webp | https://http2.mlstatic.com/D_NQ_NP_994752-MLB116596563424_092026-O-camisetas-femininas-estilo-parodia-friends.webp | https://http2.mlstatic.com/D_Q_NP_2X_651600-MLB116312407614_092026-2X.webp | https://http2.mlstatic.com/D_Q_NP_2X_651600-MLB116312407614_092026-R-camisetas-femininas-estilo-parodia-friends.webp | https://http2.mlstatic.com/D_Q_NP_2X_657524-MLB116313527694_092026-2X.webp | https://http2.mlstatic.com/D_Q_NP_2X_679122-MLB116312200500_092026-2X.webp | https://http2.mlstatic.com/D_Q_NP_2X_710119-MLB116596327638_092026-R-camisetas-femininas-estilo-parodia-friends.webp | https://http2.mlstatic.com/D_Q_NP_2X_809391-MLB112155390845_052026-R-camisetas-femininas-estilo-parodia-friends.webp | https://http2.mlstatic.com/D_Q_NP_2X_926954-MLB116596593144_092026-R-camisetas-femininas-estilo-parodia-friends.webp | https://http2.mlstatic.com/D_Q_NP_2X_929028-MLB116596475478_092026-R-camisetas-femininas-estilo-parodia-friends.webp | https://http2.mlstatic.com/D_Q_NP_2X_994752-MLB116596563424_092026-R-camisetas-femininas-estilo-parodia-friends.webp | https://http2.mlstatic.com/storage/catalog-technical-specs/images/assets/vectorial/brand.svg | https://http2.mlstatic.com/storage/catalog-technical-specs/images/assets/vectorial/default.svg | https://http2.mlstatic.com/storage/logos-api-admin/00174300-571e-11e8-8364-bff51f08d440-m.svg | https://http2.mlstatic.com/storage/logos-api-admin/9cf818e0-723a-11f0-a459-cf21d0937aeb-m.svg | https://http2.mlstatic.com/storage/logos-api-admin/a5f047d0-9be0-11ec-aad4-c3381f368aaf-m.svg | https://http2.mlstatic.com/storage/logos-api-admin/b2c93a40-f3be-11eb-9984-b7076edb0bb7-m.svg | https://http2.mlstatic.com/storage/logos-api-admin/bb7c7bb0-adec-11f0-92e6-59fb0bcb38c2-m.svg | https://http2.mlstatic.com/storage/logos-api-admin/f3e8e940-f549-11ef-bad6-e9962bcd76e5-m.svg | https://http2.mlstatic.com/storage/logos-api-admin/f99fcca0-f3bd-11eb-9984-b7076edb0bb7-m.svg,5,{}
MLB4726491843,Camiseta Femininas Estilo Paródia Você Finge,Camisetas e Regatas,86.0,"R$ 86,00",,"#0DA600, #000000, #FFFFFF",https://produto.mercadolivre.com.br/MLB-4726491843-camiseta-femininas-estilo-parodia-voc-finge-_JM?searchVariation=203044200317&pdp_filters=seller_id%3A3394140237#polycard_client=search-desktop&searchVariation=203044200317&be_origin=backend&overlay_label=not_apply&search_layout=grid&position=33&type=item&tracking_id=7c29941c-c444-477e-ae53-8e7023834d34&sid=search,https://http2.mlstatic.com/D_Q_NP_2X_999501-MLB117759827553_092026-E-camiseta-femininas-estilo-parodia-voc-finge.webp,Camiseta Femininas Estilo Paródia Você Finge,"Camiseta feminina Estilo Paródia Você Finge, ideal para looks casuais no dia a dia. Tem caimento reto, gola redonda e manga curta, com uma proposta leve e versátil para momentos de lazer e produções descontraídas.

Composição: 67% poliéster e 33% viscose. Uma peça com referência criativa e visual fácil de combinar com calças, saias ou bermudas.

* Nossa peça não possui acabamento na gola,barra e manga estilo Japonesa *",https://http2.mlstatic.com/D_NQ_NP_622093-MLB116564629074_092026-O-camiseta-femininas-estilo-parodia-voc-finge.webp | https://http2.mlstatic.com/D_NQ_NP_712712-MLB112536644307_052026-O-camiseta-femininas-estilo-parodia-voc-finge.webp | https://http2.mlstatic.com/D_NQ_NP_733838-MLB118073118589_092026-O-camiseta-femininas-estilo-parodia-voc-finge.webp | https://http2.mlstatic.com/D_NQ_NP_844816-MLB118073000399_092026-O-camiseta-femininas-estilo-parodia-voc-finge.webp | https://http2.mlstatic.com/D_NQ_NP_999501-MLB117759827553_092026-O-camiseta-femininas-estilo-parodia-voc-finge.webp | https://http2.mlstatic.com/D_Q_NP_2X_622093-MLB116564629074_092026-R-camiseta-femininas-estilo-parodia-voc-finge.webp | https://http2.mlstatic.com/D_Q_NP_2X_712712-MLB112536644307_052026-R-camiseta-femininas-estilo-parodia-voc-finge.webp | https://http2.mlstatic.com/D_Q_NP_2X_733838-MLB118073118589_092026-R-camiseta-femininas-estilo-parodia-voc-finge.webp | https://http2.mlstatic.com/D_Q_NP_2X_844816-MLB118073000399_092026-R-camiseta-femininas-estilo-parodia-voc-finge.webp | https://http2.mlstatic.com/D_Q_NP_2X_868556-MLB116268519834_092026-2X.webp | https://http2.mlstatic.com/D_Q_NP_2X_970080-MLB116268816126_092026-2X.webp | https://http2.mlstatic.com/D_Q_NP_2X_999501-MLB117759827553_092026-2X.webp | https://http2.mlstatic.com/D_Q_NP_2X_999501-MLB117759827553_092026-R-camiseta-femininas-estilo-parodia-voc-finge.webp | https://http2.mlstatic.com/storage/catalog-technical-specs/images/assets/vectorial/brand.svg | https://http2.mlstatic.com/storage/catalog-technical-specs/images/assets/vectorial/default.svg | https://http2.mlstatic.com/storage/catalog-technical-specs/images/assets/vectorial/main_material.svg | https://http2.mlstatic.com/storage/logos-api-admin/00174300-571e-11e8-8364-bff51f08d440-m.svg | https://http2.mlstatic.com/storage/logos-api-admin/9cf818e0-723a-11f0-a459-cf21d0937aeb-m.svg | https://http2.mlstatic.com/storage/logos-api-admin/a5f047d0-9be0-11ec-aad4-c3381f368aaf-m.svg | https://http2.mlstatic.com/storage/logos-api-admin/b2c93a40-f3be-11eb-9984-b7076edb0bb7-m.svg | https://http2.mlstatic.com/storage/logos-api-admin/bb7c7bb0-adec-11f0-92e6-59fb0bcb38c2-m.svg | https://http2.mlstatic.com/storage/logos-api-admin/f3e8e940-f549-11ef-bad6-e9962bcd76e5-m.svg | https://http2.mlstatic.com/storage/logos-api-admin/f99fcca0-f3bd-11eb-9984-b7076edb0bb7-m.svg,5,{}
MLB4706679063,Camisetas Femininas Estilo Paródia Panda,Camisetas e Regatas,86.0,"R$ 86,00",,"#0DA600, #FFFFFF, #FF8C00",https://produto.mercadolivre.com.br/MLB-4706679063-camisetas-femininas-estilo-parodia-panda-_JM?searchVariation=195281142458&pdp_filters=seller_id%3A3394140237#polycard_client=search-desktop&searchVariation=195281142458&be_origin=backend&overlay_label=not_apply&search_layout=grid&position=34&type=item&tracking_id=7c29941c-c444-477e-ae53-8e7023834d34&sid=search,https://http2.mlstatic.com/D_Q_NP_2X_810166-MLB116267764838_092026-E-camisetas-femininas-estilo-parodia-panda.webp,Camisetas Femininas Estilo Paródia Panda,"Camiseta feminina Estilo Paródia Panda Coração, ideal para looks casuais no dia a dia. Tem caimento reto, gola redonda e manga curta, com uma proposta leve e versátil para momentos de lazer e produções descontraídas.

Composição: 67% poliéster e 33% viscose. Uma peça com referência criativa e visual fácil de combinar com calças, saias ou bermudas.

* Nossa peça não possui acabamento na gola,barra e manga estilo Japonesa *

Garantia do vendedor: 90 dias",https://http2.mlstatic.com/D_NQ_NP_718131-MLB116562441084_092026-O-camisetas-femininas-estilo-parodia-panda.webp | https://http2.mlstatic.com/D_NQ_NP_718855-MLB116563048038_092026-O-camisetas-femininas-estilo-parodia-panda.webp | https://http2.mlstatic.com/D_NQ_NP_719854-MLB118071703215_092026-O-camisetas-femininas-estilo-parodia-panda.webp | https://http2.mlstatic.com/D_NQ_NP_723977-MLA115909015776_092026-2X.jpg | https://http2.mlstatic.com/D_NQ_NP_810166-MLB116267764838_092026-O-camisetas-femininas-estilo-parodia-panda.webp | https://http2.mlstatic.com/D_NQ_NP_934856-MLB111153077724_052026-O-camisetas-femininas-estilo-parodia-panda.webp | https://http2.mlstatic.com/D_NQ_NP_990799-MLB116562163796_092026-O-camisetas-femininas-estilo-parodia-panda.webp | https://http2.mlstatic.com/D_Q_NP_2X_659839-MLB116267322740_092026-2X.webp | https://http2.mlstatic.com/D_Q_NP_2X_718131-MLB116562441084_092026-R-camisetas-femininas-estilo-parodia-panda.webp | https://http2.mlstatic.com/D_Q_NP_2X_718855-MLB116563048038_092026-R-camisetas-femininas-estilo-parodia-panda.webp | https://http2.mlstatic.com/D_Q_NP_2X_719854-MLB118071703215_092026-R-camisetas-femininas-estilo-parodia-panda.webp | https://http2.mlstatic.com/D_Q_NP_2X_727226-MLB117758830305_092026-2X.webp | https://http2.mlstatic.com/D_Q_NP_2X_810166-MLB116267764838_092026-2X.webp | https://http2.mlstatic.com/D_Q_NP_2X_810166-MLB116267764838_092026-R-camisetas-femininas-estilo-parodia-panda.webp | https://http2.mlstatic.com/D_Q_NP_2X_934856-MLB111153077724_052026-R-camisetas-femininas-estilo-parodia-panda.webp | https://http2.mlstatic.com/D_Q_NP_2X_990799-MLB116562163796_092026-R-camisetas-femininas-estilo-parodia-panda.webp | https://http2.mlstatic.com/storage/catalog-technical-specs/images/assets/vectorial/brand.svg | https://http2.mlstatic.com/storage/catalog-technical-specs/images/assets/vectorial/default.svg | https://http2.mlstatic.com/storage/logos-api-admin/00174300-571e-11e8-8364-bff51f08d440-m.svg | https://http2.mlstatic.com/storage/logos-api-admin/9cf818e0-723a-11f0-a459-cf21d0937aeb-m.svg | https://http2.mlstatic.com/storage/logos-api-admin/a5f047d0-9be0-11ec-aad4-c3381f368aaf-m.svg | https://http2.mlstatic.com/storage/logos-api-admin/b2c93a40-f3be-11eb-9984-b7076edb0bb7-m.svg | https://http2.mlstatic.com/storage/logos-api-admin/bb7c7bb0-adec-11f0-92e6-59fb0bcb38c2-m.svg | https://http2.mlstatic.com/storage/logos-api-admin/f3e8e940-f549-11ef-bad6-e9962bcd76e5-m.svg | https://http2.mlstatic.com/storage/logos-api-admin/f99fcca0-f3bd-11eb-9984-b7076edb0bb7-m.svg,5,{}
MLB4706683863,Camisetas Femininas Estilo Paródia Rita Lee,Camisetas e Regatas,86.0,"R$ 86,00",5,"#FFFFFF, #000000",https://produto.mercadolivre.com.br/MLB-4706683863-camisetas-femininas-estilo-parodia-rita-lee-_JM?searchVariation=195281142730&pdp_filters=seller_id%3A3394140237#polycard_client=search-desktop&searchVariation=195281142730&be_origin=backend&overlay_label=not_apply&search_layout=grid&position=35&type=item&tracking_id=7c29941c-c444-477e-ae53-8e7023834d34&sid=search,https://http2.mlstatic.com/D_Q_NP_2X_628989-MLB117758512387_092026-E-camisetas-femininas-estilo-parodia-rita-lee.webp,Camisetas Femininas Estilo Paródia Rita Lee,"Camiseta feminina Estilo Paródia Rita Lee, ideal para looks casuais no dia a dia. Tem caimento reto, gola redonda e manga curta, com uma proposta leve e versátil para momentos descontraídos.

Composição: 67% poliéster e 33% viscose. Uma peça com referência criativa e visual fácil de combinar com calças, saias ou bermudas.

* Nossa peça não possui acabamento na gola,barra e manga estilo Japonesa *",https://http2.mlstatic.com/D_NQ_NP_613728-MLB116563021712_092026-O-camisetas-femininas-estilo-parodia-rita-lee.webp | https://http2.mlstatic.com/D_NQ_NP_628989-MLB117758512387_092026-O-camisetas-femininas-estilo-parodia-rita-lee.webp | https://http2.mlstatic.com/D_NQ_NP_640735-MLA115996070730_092026-2X.jpg | https://http2.mlstatic.com/D_NQ_NP_641459-MLB116563370134_092026-O-camisetas-femininas-estilo-parodia-rita-lee.webp | https://http2.mlstatic.com/D_NQ_NP_675717-MLB118072418643_092026-O-camisetas-femininas-estilo-parodia-rita-lee.webp | https://http2.mlstatic.com/D_NQ_NP_878078-MLB112154960805_052026-O-camisetas-femininas-estilo-parodia-rita-lee.webp | https://http2.mlstatic.com/D_NQ_NP_917287-MLB116563698210_092026-O-camisetas-femininas-estilo-parodia-rita-lee.webp | https://http2.mlstatic.com/D_Q_NP_2X_613728-MLB116563021712_092026-R-camisetas-femininas-estilo-parodia-rita-lee.webp | https://http2.mlstatic.com/D_Q_NP_2X_628989-MLB117758512387_092026-2X.webp | https://http2.mlstatic.com/D_Q_NP_2X_628989-MLB117758512387_092026-R-camisetas-femininas-estilo-parodia-rita-lee.webp | https://http2.mlstatic.com/D_Q_NP_2X_641459-MLB116563370134_092026-R-camisetas-femininas-estilo-parodia-rita-lee.webp | https://http2.mlstatic.com/D_Q_NP_2X_674352-MLB116268366498_092026-2X.webp | https://http2.mlstatic.com/D_Q_NP_2X_675717-MLB118072418643_092026-R-camisetas-femininas-estilo-parodia-rita-lee.webp | https://http2.mlstatic.com/D_Q_NP_2X_738405-MLB116269667204_092026-2X.webp | https://http2.mlstatic.com/D_Q_NP_2X_876335-MLB117760413067_092026-2X.webp | https://http2.mlstatic.com/D_Q_NP_2X_878078-MLB112154960805_052026-R-camisetas-femininas-estilo-parodia-rita-lee.webp | https://http2.mlstatic.com/D_Q_NP_2X_917287-MLB116563698210_092026-R-camisetas-femininas-estilo-parodia-rita-lee.webp | https://http2.mlstatic.com/D_Q_NP_2X_938941-MLB117760738975_092026-2X.webp | https://http2.mlstatic.com/storage/catalog-technical-specs/images/assets/vectorial/brand.svg | https://http2.mlstatic.com/storage/catalog-technical-specs/images/assets/vectorial/default.svg | https://http2.mlstatic.com/storage/logos-api-admin/00174300-571e-11e8-8364-bff51f08d440-m.svg | https://http2.mlstatic.com/storage/logos-api-admin/9cf818e0-723a-11f0-a459-cf21d0937aeb-m.svg | https://http2.mlstatic.com/storage/logos-api-admin/a5f047d0-9be0-11ec-aad4-c3381f368aaf-m.svg | https://http2.mlstatic.com/storage/logos-api-admin/b2c93a40-f3be-11eb-9984-b7076edb0bb7-m.svg | https://http2.mlstatic.com/storage/logos-api-admin/bb7c7bb0-adec-11f0-92e6-59fb0bcb38c2-m.svg | https://http2.mlstatic.com/storage/logos-api-admin/f3e8e940-f549-11ef-bad6-e9962bcd76e5-m.svg | https://http2.mlstatic.com/storage/logos-api-admin/f99fcca0-f3bd-11eb-9984-b7076edb0bb7-m.svg,5,{}
MLB4726429059,Camisetas Femininas Estilo Paródia Clarice Lispector,Camisetas e Regatas,86.0,"R$ 86,00",,"#9F00FF, #0DA600",https://produto.mercadolivre.com.br/MLB-4726429059-camisetas-femininas-estilo-parodia-clarice-lispector-_JM?searchVariation=203044068483&pdp_filters=seller_id%3A3394140237#polycard_client=search-desktop&searchVariation=203044068483&be_origin=backend&overlay_label=not_apply&search_layout=grid&position=36&type=item&tracking_id=7c29941c-c444-477e-ae53-8e7023834d34&sid=search,https://http2.mlstatic.com/D_Q_NP_2X_682088-MLB116268813076_092026-E-camisetas-femininas-estilo-parodia-clarice-lispector.webp,Camisetas Femininas Estilo Paródia Clarice Lispector,"Camiseta feminina Estilo Paródia Clarice Lispector, ideal para looks casuais no dia a dia. Tem caimento reto, gola redonda e manga curta, com uma proposta leve e versátil para momentos descontraídos.

Composição: 67% poliéster e 33% viscose. Uma peça com referência criativa e visual fácil de combinar com calças, saias ou bermudas.

* Nossa peça não possui acabamento na gola,barra e manga estilo Japonesa *",https://http2.mlstatic.com/D_NQ_NP_647302-MLB118072421079_092026-O-camisetas-femininas-estilo-parodia-clarice-lispector.webp | https://http2.mlstatic.com/D_NQ_NP_682088-MLB116268813076_092026-O-camisetas-femininas-estilo-parodia-clarice-lispector.webp | https://http2.mlstatic.com/D_NQ_NP_698091-MLA117373921893_092026-2X.jpg | https://http2.mlstatic.com/D_NQ_NP_779453-MLB118072214103_092026-O-camisetas-femininas-estilo-parodia-clarice-lispector.webp | https://http2.mlstatic.com/D_NQ_NP_805678-MLB112536307063_052026-O-camisetas-femininas-estilo-parodia-clarice-lispector.webp | https://http2.mlstatic.com/D_NQ_NP_940630-MLB118072806015_092026-O-camisetas-femininas-estilo-parodia-clarice-lispector.webp | https://http2.mlstatic.com/D_NQ_NP_951636-MLB116563372678_092026-O-camisetas-femininas-estilo-parodia-clarice-lispector.webp | https://http2.mlstatic.com/D_Q_NP_2X_647302-MLB118072421079_092026-R-camisetas-femininas-estilo-parodia-clarice-lispector.webp | https://http2.mlstatic.com/D_Q_NP_2X_682088-MLB116268813076_092026-2X.webp | https://http2.mlstatic.com/D_Q_NP_2X_682088-MLB116268813076_092026-R-camisetas-femininas-estilo-parodia-clarice-lispector.webp | https://http2.mlstatic.com/D_Q_NP_2X_779453-MLB118072214103_092026-R-camisetas-femininas-estilo-parodia-clarice-lispector.webp | https://http2.mlstatic.com/D_Q_NP_2X_805678-MLB112536307063_052026-R-camisetas-femininas-estilo-parodia-clarice-lispector.webp | https://http2.mlstatic.com/D_Q_NP_2X_858091-MLB117759974775_092026-2X.webp | https://http2.mlstatic.com/D_Q_NP_2X_940630-MLB118072806015_092026-R-camisetas-femininas-estilo-parodia-clarice-lispector.webp | https://http2.mlstatic.com/D_Q_NP_2X_951636-MLB116563372678_092026-R-camisetas-femininas-estilo-parodia-clarice-lispector.webp | https://http2.mlstatic.com/storage/catalog-technical-specs/images/assets/vectorial/brand.svg | https://http2.mlstatic.com/storage/catalog-technical-specs/images/assets/vectorial/default.svg | https://http2.mlstatic.com/storage/logos-api-admin/00174300-571e-11e8-8364-bff51f08d440-m.svg | https://http2.mlstatic.com/storage/logos-api-admin/9cf818e0-723a-11f0-a459-cf21d0937aeb-m.svg | https://http2.mlstatic.com/storage/logos-api-admin/a5f047d0-9be0-11ec-aad4-c3381f368aaf-m.svg | https://http2.mlstatic.com/storage/logos-api-admin/b2c93a40-f3be-11eb-9984-b7076edb0bb7-m.svg | https://http2.mlstatic.com/storage/logos-api-admin/bb7c7bb0-adec-11f0-92e6-59fb0bcb38c2-m.svg | https://http2.mlstatic.com/storage/logos-api-admin/f3e8e940-f549-11ef-bad6-e9962bcd76e5-m.svg | https://http2.mlstatic.com/storage/logos-api-admin/f99fcca0-f3bd-11eb-9984-b7076edb0bb7-m.svg,5,{}
MLB6882470320,Camisetas Femininas Estilo Paródia Lee,Camisetas e Regatas,86.0,"R$ 86,00",,"#0DA600, #FFFFFF, #000000",https://produto.mercadolivre.com.br/MLB-6882470320-camisetas-femininas-estilo-parodia-lee-_JM?searchVariation=195737436330&pdp_filters=seller_id%3A3394140237#polycard_client=search-desktop&searchVariation=195737436330&be_origin=backend&overlay_label=not_apply&search_layout=grid&position=37&type=item&tracking_id=7c29941c-c444-477e-ae53-8e7023834d34&sid=search,https://http2.mlstatic.com/D_Q_NP_2X_945243-MLB117817030619_092026-E-camisetas-femininas-estilo-parodia-lee.webp,Camisetas Femininas Estilo Paródia Lee,"Camiseta feminina Estilo Paródia Lee, mas não entendi, ideal para looks casuais no dia a dia. Tem caimento reto, gola redonda e manga curta, com uma proposta leve e versátil para momentos de lazer e produções descontraídas.

Composição: 67% poliéster e 33% viscose. Uma peça com referência criativa e visual fácil de combinar com calças, saias ou bermudas.",https://http2.mlstatic.com/D_NQ_NP_601881-MLB111528028228_062026-O-camisetas-femininas-estilo-parodia-lee.webp | https://http2.mlstatic.com/D_NQ_NP_615981-MLB116596574190_092026-O-camisetas-femininas-estilo-parodia-lee.webp | https://http2.mlstatic.com/D_NQ_NP_722977-MLB116596574316_092026-O-camisetas-femininas-estilo-parodia-lee.webp | https://http2.mlstatic.com/D_NQ_NP_917735-MLA117428287329_092026-2X.jpg | https://http2.mlstatic.com/D_NQ_NP_924111-MLB118108195363_092026-O-camisetas-femininas-estilo-parodia-lee.webp | https://http2.mlstatic.com/D_NQ_NP_945243-MLB117817030619_092026-O-camisetas-femininas-estilo-parodia-lee.webp | https://http2.mlstatic.com/D_NQ_NP_984351-MLB118107785219_092026-O-camisetas-femininas-estilo-parodia-lee.webp | https://http2.mlstatic.com/D_Q_NP_2X_601881-MLB111528028228_062026-R-camisetas-femininas-estilo-parodia-lee.webp | https://http2.mlstatic.com/D_Q_NP_2X_615981-MLB116596574190_092026-R-camisetas-femininas-estilo-parodia-lee.webp | https://http2.mlstatic.com/D_Q_NP_2X_722977-MLB116596574316_092026-R-camisetas-femininas-estilo-parodia-lee.webp | https://http2.mlstatic.com/D_Q_NP_2X_724817-MLB116321824690_092026-2X.webp | https://http2.mlstatic.com/D_Q_NP_2X_740806-MLB117817179319_092026-2X.webp | https://http2.mlstatic.com/D_Q_NP_2X_924111-MLB118108195363_092026-R-camisetas-femininas-estilo-parodia-lee.webp | https://http2.mlstatic.com/D_Q_NP_2X_942989-MLB117817207711_092026-2X.webp | https://http2.mlstatic.com/D_Q_NP_2X_945243-MLB117817030619_092026-2X.webp | https://http2.mlstatic.com/D_Q_NP_2X_945243-MLB117817030619_092026-R-camisetas-femininas-estilo-parodia-lee.webp | https://http2.mlstatic.com/D_Q_NP_2X_984351-MLB118107785219_092026-R-camisetas-femininas-estilo-parodia-lee.webp | https://http2.mlstatic.com/storage/catalog-technical-specs/images/assets/vectorial/brand.svg | https://http2.mlstatic.com/storage/catalog-technical-specs/images/assets/vectorial/default.svg | https://http2.mlstatic.com/storage/catalog-technical-specs/images/assets/vectorial/main_material.svg | https://http2.mlstatic.com/storage/logos-api-admin/00174300-571e-11e8-8364-bff51f08d440-m.svg | https://http2.mlstatic.com/storage/logos-api-admin/9cf818e0-723a-11f0-a459-cf21d0937aeb-m.svg | https://http2.mlstatic.com/storage/logos-api-admin/a5f047d0-9be0-11ec-aad4-c3381f368aaf-m.svg | https://http2.mlstatic.com/storage/logos-api-admin/b2c93a40-f3be-11eb-9984-b7076edb0bb7-m.svg | https://http2.mlstatic.com/storage/logos-api-admin/bb7c7bb0-adec-11f0-92e6-59fb0bcb38c2-m.svg | https://http2.mlstatic.com/storage/logos-api-admin/f3e8e940-f549-11ef-bad6-e9962bcd76e5-m.svg | https://http2.mlstatic.com/storage/logos-api-admin/f99fcca0-f3bd-11eb-9984-b7076edb0bb7-m.svg,5,{}
MLB4753528869,Camisetas Femininas Estilo Paródia Só Pela Comida,Camisetas e Regatas,86.0,"R$ 86,00",,"#9F00FF, #000000, #0DA600",https://produto.mercadolivre.com.br/MLB-4753528869-camisetas-femininas-estilo-parodia-so-pela-comida-_JM?searchVariation=196212732498&pdp_filters=seller_id%3A3394140237#polycard_client=search-desktop&searchVariation=196212732498&be_origin=backend&overlay_label=not_apply&search_layout=grid&position=38&type=item&tracking_id=7c29941c-c444-477e-ae53-8e7023834d34&sid=search,https://http2.mlstatic.com/D_Q_NP_2X_861478-MLB116310773614_092026-E-camisetas-femininas-estilo-parodia-so-pela-comida.webp,Camisetas Femininas Estilo Parodia Só Pela Comida,"Camiseta feminina Estilo Paródia Só Pela Comida, ideal para looks casuais no dia a dia. Tem caimento reto, gola redonda e manga curta, com uma proposta leve e versátil para momentos de lazer e produções descontraídas.

Composição: 67% poliéster e 33% viscose. Uma peça com referência criativa e visual fácil de combinar com calças, saias ou bermudas.

* Nossa peça não tem acabamento na gola,barra e gola estilo Japonesa *",https://http2.mlstatic.com/D_NQ_NP_699585-MLB116564796746_092026-O-camisetas-femininas-estilo-parodia-so-pela-comida.webp | https://http2.mlstatic.com/D_NQ_NP_759522-MLB116564710338_092026-O-camisetas-femininas-estilo-parodia-so-pela-comida.webp | https://http2.mlstatic.com/D_NQ_NP_817976-MLB112993709601_062026-O-camisetas-femininas-estilo-parodia-so-pela-comida.webp | https://http2.mlstatic.com/D_NQ_NP_861478-MLB116310773614_092026-O-camisetas-femininas-estilo-parodia-so-pela-comida.webp | https://http2.mlstatic.com/D_NQ_NP_954418-MLB116565807668_092026-O-camisetas-femininas-estilo-parodia-so-pela-comida.webp | https://http2.mlstatic.com/D_NQ_NP_969627-MLB116565659360_092026-O-camisetas-femininas-estilo-parodia-so-pela-comida.webp | https://http2.mlstatic.com/D_NQ_NP_988922-MLA117374405495_092026-2X.jpg | https://http2.mlstatic.com/D_Q_NP_2X_699585-MLB116564796746_092026-R-camisetas-femininas-estilo-parodia-so-pela-comida.webp | https://http2.mlstatic.com/D_Q_NP_2X_711427-MLB117805501001_092026-2X.webp | https://http2.mlstatic.com/D_Q_NP_2X_740403-MLB117804907763_092026-2X.webp | https://http2.mlstatic.com/D_Q_NP_2X_759522-MLB116564710338_092026-R-camisetas-femininas-estilo-parodia-so-pela-comida.webp | https://http2.mlstatic.com/D_Q_NP_2X_817976-MLB112993709601_062026-R-camisetas-femininas-estilo-parodia-so-pela-comida.webp | https://http2.mlstatic.com/D_Q_NP_2X_861478-MLB116310773614_092026-2X.webp | https://http2.mlstatic.com/D_Q_NP_2X_861478-MLB116310773614_092026-R-camisetas-femininas-estilo-parodia-so-pela-comida.webp | https://http2.mlstatic.com/D_Q_NP_2X_954418-MLB116565807668_092026-R-camisetas-femininas-estilo-parodia-so-pela-comida.webp | https://http2.mlstatic.com/D_Q_NP_2X_969627-MLB116565659360_092026-R-camisetas-femininas-estilo-parodia-so-pela-comida.webp | https://http2.mlstatic.com/storage/catalog-technical-specs/images/assets/vectorial/brand.svg | https://http2.mlstatic.com/storage/catalog-technical-specs/images/assets/vectorial/default.svg | https://http2.mlstatic.com/storage/logos-api-admin/00174300-571e-11e8-8364-bff51f08d440-m.svg | https://http2.mlstatic.com/storage/logos-api-admin/9cf818e0-723a-11f0-a459-cf21d0937aeb-m.svg | https://http2.mlstatic.com/storage/logos-api-admin/a5f047d0-9be0-11ec-aad4-c3381f368aaf-m.svg | https://http2.mlstatic.com/storage/logos-api-admin/b2c93a40-f3be-11eb-9984-b7076edb0bb7-m.svg | https://http2.mlstatic.com/storage/logos-api-admin/bb7c7bb0-adec-11f0-92e6-59fb0bcb38c2-m.svg | https://http2.mlstatic.com/storage/logos-api-admin/f3e8e940-f549-11ef-bad6-e9962bcd76e5-m.svg | https://http2.mlstatic.com/storage/logos-api-admin/f99fcca0-f3bd-11eb-9984-b7076edb0bb7-m.svg,5,{}
MLB6833662990,Camisetas Femininas Estilo Paródia Não Me Kahlo,Camisetas e Regatas,86.0,"R$ 86,00",,"#FFFFFF, #FF8C00, #0DA600",https://produto.mercadolivre.com.br/MLB-6833662990-camisetas-femininas-estilo-parodia-no-me-kahlo-_JM?searchVariation=195281207622&pdp_filters=seller_id%3A3394140237#polycard_client=search-desktop&searchVariation=195281207622&be_origin=backend&overlay_label=not_apply&search_layout=grid&position=39&type=item&tracking_id=7c29941c-c444-477e-ae53-8e7023834d34&sid=search,https://http2.mlstatic.com/D_Q_NP_2X_660201-MLB116320943714_092026-E-camisetas-femininas-estilo-parodia-no-me-kahlo.webp,Camisetas Femininas Estilo Paródia Não Me Kahlo,"Camiseta feminina Estilo Paródia Não Me Kahlo, ideal para looks casuais no dia a dia. Tem caimento reto, gola redonda e manga curta, com uma proposta leve e versátil para momentos descontraídos.

Composição: 67% poliéster e 33% viscose. Uma peça com referência criativa e visual fácil de combinar com calças, saias ou bermudas.

Garantia do vendedor: 90 dias",https://http2.mlstatic.com/D_NQ_NP_602882-MLB118107776397_092026-O-camisetas-femininas-estilo-parodia-no-me-kahlo.webp | https://http2.mlstatic.com/D_NQ_NP_660201-MLB116320943714_092026-O-camisetas-femininas-estilo-parodia-no-me-kahlo.webp | https://http2.mlstatic.com/D_NQ_NP_804473-MLB111152526942_052026-O-camisetas-femininas-estilo-parodia-no-me-kahlo.webp | https://http2.mlstatic.com/D_NQ_NP_984215-MLA116059760496_092026-2X.jpg | https://http2.mlstatic.com/D_Q_NP_2X_602882-MLB118107776397_092026-R-camisetas-femininas-estilo-parodia-no-me-kahlo.webp | https://http2.mlstatic.com/D_Q_NP_2X_660201-MLB116320943714_092026-2X.webp | https://http2.mlstatic.com/D_Q_NP_2X_660201-MLB116320943714_092026-R-camisetas-femininas-estilo-parodia-no-me-kahlo.webp | https://http2.mlstatic.com/D_Q_NP_2X_804473-MLB111152526942_052026-R-camisetas-femininas-estilo-parodia-no-me-kahlo.webp | https://http2.mlstatic.com/D_Q_NP_2X_840375-MLB117816687485_092026-2X.webp | https://http2.mlstatic.com/D_Q_NP_2X_977365-MLB116596594380_092026-2X.webp | https://http2.mlstatic.com/storage/catalog-technical-specs/images/assets/vectorial/brand.svg | https://http2.mlstatic.com/storage/catalog-technical-specs/images/assets/vectorial/default.svg | https://http2.mlstatic.com/storage/logos-api-admin/00174300-571e-11e8-8364-bff51f08d440-m.svg | https://http2.mlstatic.com/storage/logos-api-admin/9cf818e0-723a-11f0-a459-cf21d0937aeb-m.svg | https://http2.mlstatic.com/storage/logos-api-admin/a5f047d0-9be0-11ec-aad4-c3381f368aaf-m.svg | https://http2.mlstatic.com/storage/logos-api-admin/b2c93a40-f3be-11eb-9984-b7076edb0bb7-m.svg | https://http2.mlstatic.com/storage/logos-api-admin/bb7c7bb0-adec-11f0-92e6-59fb0bcb38c2-m.svg | https://http2.mlstatic.com/storage/logos-api-admin/f3e8e940-f549-11ef-bad6-e9962bcd76e5-m.svg | https://http2.mlstatic.com/storage/logos-api-admin/f99fcca0-f3bd-11eb-9984-b7076edb0bb7-m.svg,5,{}
MLB4706672725,Camisetas Femininas Estilo Paródia Bem Te Vi,Camisetas e Regatas,86.0,"R$ 86,00",3,#000000,https://produto.mercadolivre.com.br/MLB-4706672725-camisetas-femininas-estilo-parodia-bem-te-vi-_JM?searchVariation=195281582790&pdp_filters=seller_id%3A3394140237#polycard_client=search-desktop&searchVariation=195281582790&be_origin=backend&overlay_label=not_apply&search_layout=grid&position=40&type=item&tracking_id=7c29941c-c444-477e-ae53-8e7023834d34&sid=search,https://http2.mlstatic.com/D_Q_NP_2X_845097-MLB116267080022_092026-E-camisetas-femininas-estilo-parodia-bem-te-vi.webp,Camisetas Femininas Estilo Paródia Bem Te Vi,"Camiseta feminina Estilo Paródia Nem Te Vi, ideal para looks casuais no dia a dia. Tem caimento reto, gola redonda e manga curta, com uma proposta leve e versátil para momentos descontraídos.

Composição: 67% poliéster e 33% viscose. Uma peça com referência criativa e visual fácil de combinar com calças, saias ou bermudas.

* Nossa peça não possui acabamento na gola,barra e manga estilo Japonesa *

Garantia do vendedor: 90 dias",https://http2.mlstatic.com/D_NQ_NP_629699-MLB116561550080_092026-O-camisetas-femininas-estilo-parodia-bem-te-vi.webp | https://http2.mlstatic.com/D_NQ_NP_692315-MLB116561138110_092026-O-camisetas-femininas-estilo-parodia-bem-te-vi.webp | https://http2.mlstatic.com/D_NQ_NP_725301-MLB116562438988_092026-O-camisetas-femininas-estilo-parodia-bem-te-vi.webp | https://http2.mlstatic.com/D_NQ_NP_845097-MLB116267080022_092026-O-camisetas-femininas-estilo-parodia-bem-te-vi.webp | https://http2.mlstatic.com/D_NQ_NP_867411-MLA117484242349_092026-2X.jpg | https://http2.mlstatic.com/D_NQ_NP_954598-MLB118071245271_092026-O-camisetas-femininas-estilo-parodia-bem-te-vi.webp | https://http2.mlstatic.com/D_NQ_NP_999169-MLB112155225555_052026-O-camisetas-femininas-estilo-parodia-bem-te-vi.webp | https://http2.mlstatic.com/D_Q_NP_2X_629699-MLB116561550080_092026-R-camisetas-femininas-estilo-parodia-bem-te-vi.webp | https://http2.mlstatic.com/D_Q_NP_2X_692315-MLB116561138110_092026-R-camisetas-femininas-estilo-parodia-bem-te-vi.webp | https://http2.mlstatic.com/D_Q_NP_2X_698052-MLB116268405590_092026-2X.webp | https://http2.mlstatic.com/D_Q_NP_2X_725301-MLB116562438988_092026-R-camisetas-femininas-estilo-parodia-bem-te-vi.webp | https://http2.mlstatic.com/D_Q_NP_2X_816559-MLB116267523988_092026-2X.webp | https://http2.mlstatic.com/D_Q_NP_2X_845097-MLB116267080022_092026-2X.webp | https://http2.mlstatic.com/D_Q_NP_2X_845097-MLB116267080022_092026-R-camisetas-femininas-estilo-parodia-bem-te-vi.webp | https://http2.mlstatic.com/D_Q_NP_2X_954598-MLB118071245271_092026-R-camisetas-femininas-estilo-parodia-bem-te-vi.webp | https://http2.mlstatic.com/D_Q_NP_2X_999169-MLB112155225555_052026-R-camisetas-femininas-estilo-parodia-bem-te-vi.webp | https://http2.mlstatic.com/storage/catalog-technical-specs/images/assets/vectorial/brand.svg | https://http2.mlstatic.com/storage/catalog-technical-specs/images/assets/vectorial/default.svg | https://http2.mlstatic.com/storage/logos-api-admin/00174300-571e-11e8-8364-bff51f08d440-m.svg | https://http2.mlstatic.com/storage/logos-api-admin/9cf818e0-723a-11f0-a459-cf21d0937aeb-m.svg | https://http2.mlstatic.com/storage/logos-api-admin/a5f047d0-9be0-11ec-aad4-c3381f368aaf-m.svg | https://http2.mlstatic.com/storage/logos-api-admin/b2c93a40-f3be-11eb-9984-b7076edb0bb7-m.svg | https://http2.mlstatic.com/storage/logos-api-admin/bb7c7bb0-adec-11f0-92e6-59fb0bcb38c2-m.svg | https://http2.mlstatic.com/storage/logos-api-admin/f3e8e940-f549-11ef-bad6-e9962bcd76e5-m.svg | https://http2.mlstatic.com/storage/logos-api-admin/f99fcca0-f3bd-11eb-9984-b7076edb0bb7-m.svg,5,{}
MLB6833562670,Camisetas Femininas Estilo Paródia Woodstock,Camisetas e Regatas,86.0,"R$ 86,00",3,#0DA600,https://produto.mercadolivre.com.br/MLB-6833562670-camisetas-femininas-estilo-parodia-woodstock-_JM?searchVariation=195281206178&pdp_filters=seller_id%3A3394140237#polycard_client=search-desktop&searchVariation=195281206178&be_origin=backend&overlay_label=not_apply&search_layout=grid&position=41&type=item&tracking_id=7c29941c-c444-477e-ae53-8e7023834d34&sid=search,https://http2.mlstatic.com/D_Q_NP_2X_829368-MLB116311510142_092026-E-camisetas-femininas-estilo-parodia-woodstock.webp,Camisetas Femininas Estilo Paródia Woodstock,"Camiseta feminina Estilo Paródia Woodstock, ideal para looks casuais no dia a dia. Tem gola redonda e manga curta, com uma proposta leve e versátil para eventos informais e momentos descontraídos.

Composição: 67% poliéster e 33% viscose. Uma peça com referência criativa e visual fácil de combinar com calças, saias ou bermudas.

* Nossa peça não tem acabamento na gola,barra e gola estilo Japonesa *",https://http2.mlstatic.com/D_NQ_NP_702982-MLB116596471422_092026-O-camisetas-femininas-estilo-parodia-woodstock.webp | https://http2.mlstatic.com/D_NQ_NP_829368-MLB116311510142_092026-O-camisetas-femininas-estilo-parodia-woodstock.webp | https://http2.mlstatic.com/D_NQ_NP_861074-MLB116596323752_092026-O-camisetas-femininas-estilo-parodia-woodstock.webp | https://http2.mlstatic.com/D_NQ_NP_942186-MLB116596471308_092026-O-camisetas-femininas-estilo-parodia-woodstock.webp | https://http2.mlstatic.com/D_NQ_NP_946564-MLB116596589518_092026-O-camisetas-femininas-estilo-parodia-woodstock.webp | https://http2.mlstatic.com/D_NQ_NP_961940-MLB111152507326_052026-O-camisetas-femininas-estilo-parodia-woodstock.webp | https://http2.mlstatic.com/D_Q_NP_2X_702982-MLB116596471422_092026-R-camisetas-femininas-estilo-parodia-woodstock.webp | https://http2.mlstatic.com/D_Q_NP_2X_829368-MLB116311510142_092026-2X.webp | https://http2.mlstatic.com/D_Q_NP_2X_829368-MLB116311510142_092026-R-camisetas-femininas-estilo-parodia-woodstock.webp | https://http2.mlstatic.com/D_Q_NP_2X_861074-MLB116596323752_092026-R-camisetas-femininas-estilo-parodia-woodstock.webp | https://http2.mlstatic.com/D_Q_NP_2X_869966-MLB117807002777_092026-2X.webp | https://http2.mlstatic.com/D_Q_NP_2X_942186-MLB116596471308_092026-R-camisetas-femininas-estilo-parodia-woodstock.webp | https://http2.mlstatic.com/D_Q_NP_2X_946564-MLB116596589518_092026-R-camisetas-femininas-estilo-parodia-woodstock.webp | https://http2.mlstatic.com/D_Q_NP_2X_949517-MLB117806144903_092026-2X.webp | https://http2.mlstatic.com/D_Q_NP_2X_961940-MLB111152507326_052026-R-camisetas-femininas-estilo-parodia-woodstock.webp | https://http2.mlstatic.com/storage/catalog-technical-specs/images/assets/vectorial/brand.svg | https://http2.mlstatic.com/storage/catalog-technical-specs/images/assets/vectorial/default.svg | https://http2.mlstatic.com/storage/logos-api-admin/00174300-571e-11e8-8364-bff51f08d440-m.svg | https://http2.mlstatic.com/storage/logos-api-admin/9cf818e0-723a-11f0-a459-cf21d0937aeb-m.svg | https://http2.mlstatic.com/storage/logos-api-admin/a5f047d0-9be0-11ec-aad4-c3381f368aaf-m.svg | https://http2.mlstatic.com/storage/logos-api-admin/b2c93a40-f3be-11eb-9984-b7076edb0bb7-m.svg | https://http2.mlstatic.com/storage/logos-api-admin/bb7c7bb0-adec-11f0-92e6-59fb0bcb38c2-m.svg | https://http2.mlstatic.com/storage/logos-api-admin/f3e8e940-f549-11ef-bad6-e9962bcd76e5-m.svg | https://http2.mlstatic.com/storage/logos-api-admin/f99fcca0-f3bd-11eb-9984-b7076edb0bb7-m.svg,5,{}
MLB6922868206,Camisetas Femininas Estilo Paródia Cem Anos,Camisetas e Regatas,86.0,"R$ 86,00",,"#83DDFF, #000000, #A0522D",https://produto.mercadolivre.com.br/MLB-6922868206-camisetas-femininas-estilo-parodia-cem-anos-_JM?searchVariation=196153180504&pdp_filters=seller_id%3A3394140237#polycard_client=search-desktop&searchVariation=196153180504&be_origin=backend&overlay_label=not_apply&search_layout=grid&position=42&type=item&tracking_id=7c29941c-c444-477e-ae53-8e7023834d34&sid=search,https://http2.mlstatic.com/D_Q_NP_2X_794418-MLB117817213079_092026-E-camisetas-femininas-estilo-parodia-cem-anos.webp,Camisetas Femininas Estilo Paródia Cem Anos,"Camiseta feminina Estilo Paródia 100 de Solidão, ideal para looks casuais no dia a dia. Tem caimento reto, gola redonda e manga curta, com uma proposta leve e versátil para momentos de lazer e produções descontraídas.

Composição: 67% poliéster e 33% viscose. Uma peça com referência criativa e visual fácil de combinar com calças, saias ou bermudas.

* Nossa peça não tem acabamento na gola,barra e gola estilo Japonesa *",https://http2.mlstatic.com/D_NQ_NP_607040-MLB118108287159_092026-O-camisetas-femininas-estilo-parodia-cem-anos.webp | https://http2.mlstatic.com/D_NQ_NP_672691-MLB118108081275_092026-O-camisetas-femininas-estilo-parodia-cem-anos.webp | https://http2.mlstatic.com/D_NQ_NP_758220-MLA116059644490_092026-2X.jpg | https://http2.mlstatic.com/D_NQ_NP_759092-MLB111837052790_062026-O-camisetas-femininas-estilo-parodia-cem-anos.webp | https://http2.mlstatic.com/D_NQ_NP_794418-MLB117817213079_092026-O-camisetas-femininas-estilo-parodia-cem-anos.webp | https://http2.mlstatic.com/D_NQ_NP_813378-MLB118108287233_092026-O-camisetas-femininas-estilo-parodia-cem-anos.webp | https://http2.mlstatic.com/D_NQ_NP_891470-MLB118108287093_092026-O-camisetas-femininas-estilo-parodia-cem-anos.webp | https://http2.mlstatic.com/D_Q_NP_2X_607040-MLB118108287159_092026-R-camisetas-femininas-estilo-parodia-cem-anos.webp | https://http2.mlstatic.com/D_Q_NP_2X_672691-MLB118108081275_092026-R-camisetas-femininas-estilo-parodia-cem-anos.webp | https://http2.mlstatic.com/D_Q_NP_2X_673586-MLB117816979645_092026-2X.webp | https://http2.mlstatic.com/D_Q_NP_2X_759092-MLB111837052790_062026-R-camisetas-femininas-estilo-parodia-cem-anos.webp | https://http2.mlstatic.com/D_Q_NP_2X_794418-MLB117817213079_092026-2X.webp | https://http2.mlstatic.com/D_Q_NP_2X_794418-MLB117817213079_092026-R-camisetas-femininas-estilo-parodia-cem-anos.webp | https://http2.mlstatic.com/D_Q_NP_2X_813378-MLB118108287233_092026-R-camisetas-femininas-estilo-parodia-cem-anos.webp | https://http2.mlstatic.com/D_Q_NP_2X_891470-MLB118108287093_092026-R-camisetas-femininas-estilo-parodia-cem-anos.webp | https://http2.mlstatic.com/D_Q_NP_2X_901860-MLB116321472866_092026-2X.webp | https://http2.mlstatic.com/storage/catalog-technical-specs/images/assets/vectorial/brand.svg | https://http2.mlstatic.com/storage/catalog-technical-specs/images/assets/vectorial/default.svg | https://http2.mlstatic.com/storage/catalog-technical-specs/images/assets/vectorial/main_material.svg | https://http2.mlstatic.com/storage/logos-api-admin/00174300-571e-11e8-8364-bff51f08d440-m.svg | https://http2.mlstatic.com/storage/logos-api-admin/9cf818e0-723a-11f0-a459-cf21d0937aeb-m.svg | https://http2.mlstatic.com/storage/logos-api-admin/a5f047d0-9be0-11ec-aad4-c3381f368aaf-m.svg | https://http2.mlstatic.com/storage/logos-api-admin/b2c93a40-f3be-11eb-9984-b7076edb0bb7-m.svg | https://http2.mlstatic.com/storage/logos-api-admin/bb7c7bb0-adec-11f0-92e6-59fb0bcb38c2-m.svg | https://http2.mlstatic.com/storage/logos-api-admin/f3e8e940-f549-11ef-bad6-e9962bcd76e5-m.svg | https://http2.mlstatic.com/storage/logos-api-admin/f99fcca0-f3bd-11eb-9984-b7076edb0bb7-m.svg,5,{}
MLB6882420720,Camisetas Femininas Estilo Paródia Ninja,Camisetas e Regatas,86.0,"R$ 86,00",,"#FFFFFF, #FF8C00, #0DA600",https://produto.mercadolivre.com.br/MLB-6882420720-camisetas-femininas-estilo-parodia-ninja-_JM?searchVariation=203108802559&pdp_filters=seller_id%3A3394140237#polycard_client=search-desktop&searchVariation=203108802559&be_origin=backend&overlay_label=not_apply&search_layout=grid&position=43&type=item&tracking_id=7c29941c-c444-477e-ae53-8e7023834d34&sid=search,https://http2.mlstatic.com/D_Q_NP_2X_714466-MLB116320951512_092026-E-camisetas-femininas-estilo-parodia-ninja.webp,Camisetas Femininas Estilo Paródia Ninja,"Camiseta feminina Estilo Paródia Mulher Ninja, ideal para looks casuais no dia a dia. Tem caimento reto, gola redonda e manga curta, com uma proposta leve e versátil para momentos de lazer e produções descontraídas.

Composição: 67% poliéster e 33% viscose. Uma peça com referência criativa e visual fácil de combinar com calças, saias ou bermudas.

* Nossa peça não tem acabamento na gola,barra e gola estilo Japonesa *",https://http2.mlstatic.com/D_NQ_NP_614744-MLB111528021196_062026-O-camisetas-femininas-estilo-parodia-ninja.webp | https://http2.mlstatic.com/D_NQ_NP_714466-MLB116320951512_092026-O-camisetas-femininas-estilo-parodia-ninja.webp | https://http2.mlstatic.com/D_NQ_NP_793244-MLA117418708487_092026-2X.jpg | https://http2.mlstatic.com/D_NQ_NP_804811-MLB118108076561_092026-O-camisetas-femininas-estilo-parodia-ninja.webp | https://http2.mlstatic.com/D_Q_NP_2X_614744-MLB111528021196_062026-R-camisetas-femininas-estilo-parodia-ninja.webp | https://http2.mlstatic.com/D_Q_NP_2X_714466-MLB116320951512_092026-2X.webp | https://http2.mlstatic.com/D_Q_NP_2X_714466-MLB116320951512_092026-R-camisetas-femininas-estilo-parodia-ninja.webp | https://http2.mlstatic.com/D_Q_NP_2X_756625-MLB116322051572_092026-2X.webp | https://http2.mlstatic.com/D_Q_NP_2X_774532-MLB116320333396_092026-2X.webp | https://http2.mlstatic.com/D_Q_NP_2X_804811-MLB118108076561_092026-R-camisetas-femininas-estilo-parodia-ninja.webp | https://http2.mlstatic.com/storage/catalog-technical-specs/images/assets/vectorial/brand.svg | https://http2.mlstatic.com/storage/catalog-technical-specs/images/assets/vectorial/default.svg | https://http2.mlstatic.com/storage/catalog-technical-specs/images/assets/vectorial/main_material.svg | https://http2.mlstatic.com/storage/logos-api-admin/00174300-571e-11e8-8364-bff51f08d440-m.svg | https://http2.mlstatic.com/storage/logos-api-admin/9cf818e0-723a-11f0-a459-cf21d0937aeb-m.svg | https://http2.mlstatic.com/storage/logos-api-admin/a5f047d0-9be0-11ec-aad4-c3381f368aaf-m.svg | https://http2.mlstatic.com/storage/logos-api-admin/b2c93a40-f3be-11eb-9984-b7076edb0bb7-m.svg | https://http2.mlstatic.com/storage/logos-api-admin/bb7c7bb0-adec-11f0-92e6-59fb0bcb38c2-m.svg | https://http2.mlstatic.com/storage/logos-api-admin/f3e8e940-f549-11ef-bad6-e9962bcd76e5-m.svg | https://http2.mlstatic.com/storage/logos-api-admin/f99fcca0-f3bd-11eb-9984-b7076edb0bb7-m.svg,5,{}
MLB4729063969,Camisetas Femininas Estilo Paródia Toddynho,Camisetas e Regatas,86.0,"R$ 86,00",,"#000000, #A0522D, #FFFFFF",https://produto.mercadolivre.com.br/MLB-4729063969-camisetas-femininas-estilo-parodia-toddynho-_JM?searchVariation=195737448064&pdp_filters=seller_id%3A3394140237#polycard_client=search-desktop&searchVariation=195737448064&be_origin=backend&overlay_label=not_apply&search_layout=grid&position=44&type=item&tracking_id=7c29941c-c444-477e-ae53-8e7023834d34&sid=search,https://http2.mlstatic.com/D_Q_NP_2X_716631-MLB117761615771_092026-E-camisetas-femininas-estilo-parodia-toddynho.webp,Camisetas Femininas Estilo Paródia Toddynho,"Camiseta feminina Estilo Paródia Taddynho, ideal para looks casuais no dia a dia. Tem caimento reto, gola redonda e manga curta, com uma proposta leve e versátil para momentos de lazer e produções descontraídas.

Composição: 67% poliéster e 33% viscose. Uma peça com referência criativa e visual fácil de combinar com calças, saias ou bermudas.

* Nossa peça não possui acabamento na gola,barra e manga estilo Japonesa *",https://http2.mlstatic.com/D_NQ_NP_654152-MLB111527160530_062026-O-camisetas-femininas-estilo-parodia-toddynho.webp | https://http2.mlstatic.com/D_NQ_NP_689077-MLB118073123377_092026-O-camisetas-femininas-estilo-parodia-toddynho.webp | https://http2.mlstatic.com/D_NQ_NP_705291-MLB116564313278_092026-O-camisetas-femininas-estilo-parodia-toddynho.webp | https://http2.mlstatic.com/D_NQ_NP_716631-MLB117761615771_092026-O-camisetas-femininas-estilo-parodia-toddynho.webp | https://http2.mlstatic.com/D_NQ_NP_795809-MLB118073978725_092026-O-camisetas-femininas-estilo-parodia-toddynho.webp | https://http2.mlstatic.com/D_NQ_NP_989763-MLB118073210061_092026-O-camisetas-femininas-estilo-parodia-toddynho.webp | https://http2.mlstatic.com/D_Q_NP_2X_654152-MLB111527160530_062026-R-camisetas-femininas-estilo-parodia-toddynho.webp | https://http2.mlstatic.com/D_Q_NP_2X_689077-MLB118073123377_092026-R-camisetas-femininas-estilo-parodia-toddynho.webp | https://http2.mlstatic.com/D_Q_NP_2X_705291-MLB116564313278_092026-R-camisetas-femininas-estilo-parodia-toddynho.webp | https://http2.mlstatic.com/D_Q_NP_2X_716631-MLB117761615771_092026-2X.webp | https://http2.mlstatic.com/D_Q_NP_2X_716631-MLB117761615771_092026-R-camisetas-femininas-estilo-parodia-toddynho.webp | https://http2.mlstatic.com/D_Q_NP_2X_795809-MLB118073978725_092026-R-camisetas-femininas-estilo-parodia-toddynho.webp | https://http2.mlstatic.com/D_Q_NP_2X_847538-MLB116564781098_092026-2X.webp | https://http2.mlstatic.com/D_Q_NP_2X_896010-MLB116269686472_092026-2X.webp | https://http2.mlstatic.com/D_Q_NP_2X_916848-MLB116269803956_092026-2X.webp | https://http2.mlstatic.com/D_Q_NP_2X_989763-MLB118073210061_092026-R-camisetas-femininas-estilo-parodia-toddynho.webp | https://http2.mlstatic.com/storage/catalog-technical-specs/images/assets/vectorial/brand.svg | https://http2.mlstatic.com/storage/catalog-technical-specs/images/assets/vectorial/default.svg | https://http2.mlstatic.com/storage/logos-api-admin/00174300-571e-11e8-8364-bff51f08d440-m.svg | https://http2.mlstatic.com/storage/logos-api-admin/9cf818e0-723a-11f0-a459-cf21d0937aeb-m.svg | https://http2.mlstatic.com/storage/logos-api-admin/a5f047d0-9be0-11ec-aad4-c3381f368aaf-m.svg | https://http2.mlstatic.com/storage/logos-api-admin/b2c93a40-f3be-11eb-9984-b7076edb0bb7-m.svg | https://http2.mlstatic.com/storage/logos-api-admin/bb7c7bb0-adec-11f0-92e6-59fb0bcb38c2-m.svg | https://http2.mlstatic.com/storage/logos-api-admin/f3e8e940-f549-11ef-bad6-e9962bcd76e5-m.svg | https://http2.mlstatic.com/storage/logos-api-admin/f99fcca0-f3bd-11eb-9984-b7076edb0bb7-m.svg,5,{}
MLB6833577720,Estilo Paródia Camiseta Feminina Dente De Leão,Camisetas e Regatas,86.0,"R$ 86,00",,"#0DA600, #000000",https://produto.mercadolivre.com.br/MLB-6833577720-estilo-parodia-camiseta-feminina-dente-de-leo-_JM?searchVariation=195281582052&pdp_filters=seller_id%3A3394140237#polycard_client=search-desktop&searchVariation=195281582052&be_origin=backend&overlay_label=not_apply&search_layout=grid&position=45&type=item&tracking_id=7c29941c-c444-477e-ae53-8e7023834d34&sid=search,https://http2.mlstatic.com/D_Q_NP_2X_857212-MLB116311834064_092026-E-estilo-parodia-camiseta-feminina-dente-de-leo.webp,Estilo Paródia Camiseta Feminina Dente De Leão,"Camiseta feminina Estilo Paródia Dente de Leão, ideal para looks casuais no dia a dia. Tem caimento reto, gola redonda e manga curta, com uma proposta leve e versátil para passeios e momentos descontraídos.

Composição: 67% poliéster e 33% viscose. Uma peça com referência criativa e visual fácil de combinar com calças, saias ou bermudas.

* Nossa peça não tem acabamento na gola,barra e gola estilo Japonesa *",https://http2.mlstatic.com/D_NQ_NP_636613-MLA116059225838_092026-2X.jpg | https://http2.mlstatic.com/D_NQ_NP_661787-MLB116596561522_092026-O-estilo-parodia-camiseta-feminina-dente-de-leo.webp | https://http2.mlstatic.com/D_NQ_NP_665868-MLB116596062528_092026-O-estilo-parodia-camiseta-feminina-dente-de-leo.webp | https://http2.mlstatic.com/D_NQ_NP_832537-MLB116596062624_092026-O-estilo-parodia-camiseta-feminina-dente-de-leo.webp | https://http2.mlstatic.com/D_NQ_NP_857212-MLB116311834064_092026-O-estilo-parodia-camiseta-feminina-dente-de-leo.webp | https://http2.mlstatic.com/D_NQ_NP_941129-MLB111152513378_052026-O-estilo-parodia-camiseta-feminina-dente-de-leo.webp | https://http2.mlstatic.com/D_NQ_NP_943237-MLB116596561094_092026-O-estilo-parodia-camiseta-feminina-dente-de-leo.webp | https://http2.mlstatic.com/D_Q_NP_2X_652480-MLB117807006843_092026-2X.webp | https://http2.mlstatic.com/D_Q_NP_2X_661787-MLB116596561522_092026-R-estilo-parodia-camiseta-feminina-dente-de-leo.webp | https://http2.mlstatic.com/D_Q_NP_2X_665868-MLB116596062528_092026-R-estilo-parodia-camiseta-feminina-dente-de-leo.webp | https://http2.mlstatic.com/D_Q_NP_2X_832537-MLB116596062624_092026-R-estilo-parodia-camiseta-feminina-dente-de-leo.webp | https://http2.mlstatic.com/D_Q_NP_2X_857212-MLB116311834064_092026-2X.webp | https://http2.mlstatic.com/D_Q_NP_2X_857212-MLB116311834064_092026-R-estilo-parodia-camiseta-feminina-dente-de-leo.webp | https://http2.mlstatic.com/D_Q_NP_2X_941129-MLB111152513378_052026-R-estilo-parodia-camiseta-feminina-dente-de-leo.webp | https://http2.mlstatic.com/D_Q_NP_2X_943237-MLB116596561094_092026-R-estilo-parodia-camiseta-feminina-dente-de-leo.webp | https://http2.mlstatic.com/D_Q_NP_2X_952978-MLB116596326066_092026-2X.webp | https://http2.mlstatic.com/D_Q_NP_2X_963023-MLB117806178021_092026-2X.webp | https://http2.mlstatic.com/storage/catalog-technical-specs/images/assets/vectorial/brand.svg | https://http2.mlstatic.com/storage/catalog-technical-specs/images/assets/vectorial/default.svg | https://http2.mlstatic.com/storage/logos-api-admin/00174300-571e-11e8-8364-bff51f08d440-m.svg | https://http2.mlstatic.com/storage/logos-api-admin/9cf818e0-723a-11f0-a459-cf21d0937aeb-m.svg | https://http2.mlstatic.com/storage/logos-api-admin/a5f047d0-9be0-11ec-aad4-c3381f368aaf-m.svg | https://http2.mlstatic.com/storage/logos-api-admin/b2c93a40-f3be-11eb-9984-b7076edb0bb7-m.svg | https://http2.mlstatic.com/storage/logos-api-admin/bb7c7bb0-adec-11f0-92e6-59fb0bcb38c2-m.svg | https://http2.mlstatic.com/storage/logos-api-admin/f3e8e940-f549-11ef-bad6-e9962bcd76e5-m.svg | https://http2.mlstatic.com/storage/logos-api-admin/f99fcca0-f3bd-11eb-9984-b7076edb0bb7-m.svg,5,{}
MLB6872602648,Camisetas Femininas Estilo Paródia Snoopy Dogg,Camisetas e Regatas,86.0,"R$ 86,00",,"#000000, #FFFFFF, #A0522D",https://produto.mercadolivre.com.br/MLB-6872602648-camisetas-femininas-estilo-parodia-snoopy-dogg-_JM?searchVariation=195678990938&pdp_filters=seller_id%3A3394140237#polycard_client=search-desktop&searchVariation=195678990938&be_origin=backend&overlay_label=not_apply&search_layout=grid&position=46&type=item&tracking_id=7c29941c-c444-477e-ae53-8e7023834d34&sid=search,https://http2.mlstatic.com/D_Q_NP_2X_618921-MLB117815584377_092026-E-camisetas-femininas-estilo-parodia-snoopy-dogg.webp,Camisetas Femininas Estilo Paródia Snoopy Dogg,"Camiseta feminina Estilo Paródia Snoopy Dogg, ideal para looks casuais no dia a dia. Tem caimento reto, gola redonda e manga curta, com uma proposta leve e versátil para momentos de lazer e produções descontraídas.

Composição: 67% poliéster e 33% viscose. Uma peça com referência criativa e visual fácil de combinar com calças, saias ou bermudas.

* Nossa peça não tem acabamento na gola,barra e gola estilo Japonesa *",https://http2.mlstatic.com/D_NQ_NP_618921-MLB117815584377_092026-O-camisetas-femininas-estilo-parodia-snoopy-dogg.webp | https://http2.mlstatic.com/D_NQ_NP_631551-MLB116596596632_092026-O-camisetas-femininas-estilo-parodia-snoopy-dogg.webp | https://http2.mlstatic.com/D_NQ_NP_737045-MLB116596596982_092026-O-camisetas-femininas-estilo-parodia-snoopy-dogg.webp | https://http2.mlstatic.com/D_NQ_NP_795757-MLB116596478800_092026-O-camisetas-femininas-estilo-parodia-snoopy-dogg.webp | https://http2.mlstatic.com/D_NQ_NP_858986-MLB112536071009_052026-O-camisetas-femininas-estilo-parodia-snoopy-dogg.webp | https://http2.mlstatic.com/D_NQ_NP_878605-MLB118107778235_092026-O-camisetas-femininas-estilo-parodia-snoopy-dogg.webp | https://http2.mlstatic.com/D_Q_NP_2X_618921-MLB117815584377_092026-2X.webp | https://http2.mlstatic.com/D_Q_NP_2X_618921-MLB117815584377_092026-R-camisetas-femininas-estilo-parodia-snoopy-dogg.webp | https://http2.mlstatic.com/D_Q_NP_2X_631551-MLB116596596632_092026-R-camisetas-femininas-estilo-parodia-snoopy-dogg.webp | https://http2.mlstatic.com/D_Q_NP_2X_657423-MLB116319550372_092026-2X.webp | https://http2.mlstatic.com/D_Q_NP_2X_737045-MLB116596596982_092026-R-camisetas-femininas-estilo-parodia-snoopy-dogg.webp | https://http2.mlstatic.com/D_Q_NP_2X_795757-MLB116596478800_092026-R-camisetas-femininas-estilo-parodia-snoopy-dogg.webp | https://http2.mlstatic.com/D_Q_NP_2X_851142-MLB117815585957_092026-2X.webp | https://http2.mlstatic.com/D_Q_NP_2X_858986-MLB112536071009_052026-R-camisetas-femininas-estilo-parodia-snoopy-dogg.webp | https://http2.mlstatic.com/D_Q_NP_2X_878605-MLB118107778235_092026-R-camisetas-femininas-estilo-parodia-snoopy-dogg.webp | https://http2.mlstatic.com/storage/catalog-technical-specs/images/assets/vectorial/brand.svg | https://http2.mlstatic.com/storage/catalog-technical-specs/images/assets/vectorial/default.svg | https://http2.mlstatic.com/storage/logos-api-admin/00174300-571e-11e8-8364-bff51f08d440-m.svg | https://http2.mlstatic.com/storage/logos-api-admin/9cf818e0-723a-11f0-a459-cf21d0937aeb-m.svg | https://http2.mlstatic.com/storage/logos-api-admin/a5f047d0-9be0-11ec-aad4-c3381f368aaf-m.svg | https://http2.mlstatic.com/storage/logos-api-admin/b2c93a40-f3be-11eb-9984-b7076edb0bb7-m.svg | https://http2.mlstatic.com/storage/logos-api-admin/bb7c7bb0-adec-11f0-92e6-59fb0bcb38c2-m.svg | https://http2.mlstatic.com/storage/logos-api-admin/f3e8e940-f549-11ef-bad6-e9962bcd76e5-m.svg | https://http2.mlstatic.com/storage/logos-api-admin/f99fcca0-f3bd-11eb-9984-b7076edb0bb7-m.svg,5,{}
MLB6882459424,Camisetas Femininas Estilo Paródia Loucuras,Camisetas e Regatas,86.0,"R$ 86,00",,"#9F00FF, #FF8C00, #0DA600, #000000",https://produto.mercadolivre.com.br/MLB-6882459424-camisetas-femininas-estilo-parodia-loucuras-_JM?searchVariation=195737449292&pdp_filters=seller_id%3A3394140237#polycard_client=search-desktop&searchVariation=195737449292&be_origin=backend&overlay_label=not_apply&search_layout=grid&position=47&type=item&tracking_id=7c29941c-c444-477e-ae53-8e7023834d34&sid=search,https://http2.mlstatic.com/D_Q_NP_2X_786360-MLB117816966483_092026-E-camisetas-femininas-estilo-parodia-loucuras.webp,Camisetas Femininas Estilo Paródia Loucuras,"A Camiseta Feminina Estilo Paródia Loucuras foi pensada para quem procura uma peça casual com visual descontraído e fácil de combinar. A proposta funciona bem para o dia a dia e valoriza uma aparência leve sem abrir mão da praticidade.

A composição com 67% poliéster e 33% viscose contribui para uma sensação agradável no uso e para um tecido com caimento equilibrado. Essa combinação ajuda a peça a acompanhar diferentes momentos da rotina com conforto e boa presença visual.

O corte reto favorece um ajuste mais limpo ao corpo, sem exageros, enquanto a manga curta e a gola redonda mantêm o visual clássico e versátil. São características que tornam a camiseta fácil de integrar a produções simples e funcionais.

Por ser uma peça voltada ao uso casual, ela combina bem com compromissos informais, passeios e momentos de rotina em que a prioridade é vestir algo prático e confortável. O estilo da marca acrescenta personalidade ao look, com uma proposta que foge do básico sem perder a facilidade de uso.

Indicada para público adulto feminino, a camiseta entrega uma solução útil para quem gosta de roupas com apelo leve e cotidiano. Não se trata de uma peça esportiva, o que reforça seu foco em combinações urbanas e descontraídas.

É uma escolha interessante para quem busca conforto, simplicidade e um toque de estilo em uma única peça

* Nossa peça não tem acabamento na gola,barra e gola estilo Japonesa *.",https://http2.mlstatic.com/D_NQ_NP_722380-MLB118061762405_092026-O-camisetas-femininas-estilo-parodia-loucuras.webp | https://http2.mlstatic.com/D_NQ_NP_786360-MLB117816966483_092026-O-camisetas-femininas-estilo-parodia-loucuras.webp | https://http2.mlstatic.com/D_NQ_NP_789616-MLB111528028954_062026-O-camisetas-femininas-estilo-parodia-loucuras.webp | https://http2.mlstatic.com/D_NQ_NP_839108-MLA117413398523_092026-2X.jpg | https://http2.mlstatic.com/D_Q_NP_2X_624879-MLB117817026689_092026-2X.webp | https://http2.mlstatic.com/D_Q_NP_2X_722380-MLB118061762405_092026-R-camisetas-femininas-estilo-parodia-loucuras.webp | https://http2.mlstatic.com/D_Q_NP_2X_786360-MLB117816966483_092026-2X.webp | https://http2.mlstatic.com/D_Q_NP_2X_786360-MLB117816966483_092026-R-camisetas-femininas-estilo-parodia-loucuras.webp | https://http2.mlstatic.com/D_Q_NP_2X_789616-MLB111528028954_062026-R-camisetas-femininas-estilo-parodia-loucuras.webp | https://http2.mlstatic.com/D_Q_NP_2X_820211-MLB117816968781_092026-2X.webp | https://http2.mlstatic.com/D_Q_NP_2X_845900-MLB117817383029_092026-2X.webp | https://http2.mlstatic.com/storage/catalog-technical-specs/images/assets/vectorial/brand.svg | https://http2.mlstatic.com/storage/catalog-technical-specs/images/assets/vectorial/default.svg | https://http2.mlstatic.com/storage/catalog-technical-specs/images/assets/vectorial/main_material.svg | https://http2.mlstatic.com/storage/logos-api-admin/00174300-571e-11e8-8364-bff51f08d440-m.svg | https://http2.mlstatic.com/storage/logos-api-admin/9cf818e0-723a-11f0-a459-cf21d0937aeb-m.svg | https://http2.mlstatic.com/storage/logos-api-admin/a5f047d0-9be0-11ec-aad4-c3381f368aaf-m.svg | https://http2.mlstatic.com/storage/logos-api-admin/b2c93a40-f3be-11eb-9984-b7076edb0bb7-m.svg | https://http2.mlstatic.com/storage/logos-api-admin/bb7c7bb0-adec-11f0-92e6-59fb0bcb38c2-m.svg | https://http2.mlstatic.com/storage/logos-api-admin/f3e8e940-f549-11ef-bad6-e9962bcd76e5-m.svg | https://http2.mlstatic.com/storage/logos-api-admin/f99fcca0-f3bd-11eb-9984-b7076edb0bb7-m.svg,5,{}
MLB6928522364,Camisetas Femininas Estilo Paródia Tatu,Camisetas e Regatas,86.0,"R$ 86,00",3,#000000,https://produto.mercadolivre.com.br/MLB-6928522364-camisetas-femininas-estilo-parodia-tatu-_JM?searchVariation=203619276359&pdp_filters=seller_id%3A3394140237#polycard_client=search-desktop&searchVariation=203619276359&be_origin=backend&overlay_label=not_apply&search_layout=grid&position=48&type=item&tracking_id=7c29941c-c444-477e-ae53-8e7023834d34&sid=search,https://http2.mlstatic.com/D_Q_NP_2X_802704-MLB116324928616_092026-E-camisetas-femininas-estilo-parodia-tatu.webp,Camisetas Femininas Estilo Paródia Tatu,"Camiseta feminina Estilo Paródia Tatu do Bem, ideal para looks casuais no dia a dia. Tem caimento reto, gola redonda e manga curta, com uma proposta leve e versátil para momentos de lazer e produções descontraídas.

Composição: 67% poliéster e 33% viscose. Uma peça com referência criativa e visual fácil de combinar com calças, saias ou bermudas.

* Nossa peça não tem acabamento na gola,barra e gola estilo Japonesa *",https://http2.mlstatic.com/D_NQ_NP_718807-MLA115645547970_092026-2X.jpg | https://http2.mlstatic.com/D_NQ_NP_746282-MLB112990044299_062026-O-camisetas-femininas-estilo-parodia-tatu.webp | https://http2.mlstatic.com/D_NQ_NP_802704-MLB116324928616_092026-O-camisetas-femininas-estilo-parodia-tatu.webp | https://http2.mlstatic.com/D_NQ_NP_885314-MLB116553002440_092026-O-camisetas-femininas-estilo-parodia-tatu.webp | https://http2.mlstatic.com/D_Q_NP_2X_746282-MLB112990044299_062026-R-camisetas-femininas-estilo-parodia-tatu.webp | https://http2.mlstatic.com/D_Q_NP_2X_802704-MLB116324928616_092026-2X.webp | https://http2.mlstatic.com/D_Q_NP_2X_802704-MLB116324928616_092026-R-camisetas-femininas-estilo-parodia-tatu.webp | https://http2.mlstatic.com/D_Q_NP_2X_807991-MLB117820528109_092026-2X.webp | https://http2.mlstatic.com/D_Q_NP_2X_850444-MLB116324636282_092026-2X.webp | https://http2.mlstatic.com/D_Q_NP_2X_885314-MLB116553002440_092026-R-camisetas-femininas-estilo-parodia-tatu.webp | https://http2.mlstatic.com/storage/catalog-technical-specs/images/assets/vectorial/brand.svg | https://http2.mlstatic.com/storage/catalog-technical-specs/images/assets/vectorial/default.svg | https://http2.mlstatic.com/storage/logos-api-admin/00174300-571e-11e8-8364-bff51f08d440-m.svg | https://http2.mlstatic.com/storage/logos-api-admin/9cf818e0-723a-11f0-a459-cf21d0937aeb-m.svg | https://http2.mlstatic.com/storage/logos-api-admin/a5f047d0-9be0-11ec-aad4-c3381f368aaf-m.svg | https://http2.mlstatic.com/storage/logos-api-admin/b2c93a40-f3be-11eb-9984-b7076edb0bb7-m.svg | https://http2.mlstatic.com/storage/logos-api-admin/bb7c7bb0-adec-11f0-92e6-59fb0bcb38c2-m.svg | https://http2.mlstatic.com/storage/logos-api-admin/f3e8e940-f549-11ef-bad6-e9962bcd76e5-m.svg | https://http2.mlstatic.com/storage/logos-api-admin/f99fcca0-f3bd-11eb-9984-b7076edb0bb7-m.svg,5,{}
MLB4706638549,Camisetas Femininas Estilo Paródia Luzes,Camisetas e Regatas,86.0,"R$ 86,00",3,,https://produto.mercadolivre.com.br/MLB-4706638549-camisetas-femininas-estilo-parodia-luzes-_JM?searchVariation=202612413335#polycard_client=search-desktop&searchVariation=202612413335&be_origin=backend&overlay_label=not_apply&search_layout=grid&position=1&type=item&tracking_id=c6038c79-2da7-4f1f-a180-52be4f4d3542&sid=search,https://http2.mlstatic.com/D_Q_NP_2X_991045-MLB116266930572_092026-E-camisetas-femininas-estilo-parodia-luzes.webp,Camisetas Femininas Estilo Paródia Luzes,"Camiseta feminina Estilo Paródia Cidade Iluminada, ideal para looks casuais no dia a dia. Tem caimento reto, gola redonda e manga curta, com uma proposta leve e versátil para momentos descontraídos.

Composição: 67% poliéster e 33% viscose. Uma peça com referência criativa e visual fácil de combinar com calças, saias ou bermudas.

* Nossa peça não possui acabamento na gola,barra e manga estilo Japonesa *",https://http2.mlstatic.com/D_NQ_NP_604186-MLB118069370691_092026-O-camisetas-femininas-estilo-parodia-luzes.webp | https://http2.mlstatic.com/D_NQ_NP_619675-MLB118069428553_092026-O-camisetas-femininas-estilo-parodia-luzes.webp | https://http2.mlstatic.com/D_NQ_NP_693226-MLB116561479024_092026-O-camisetas-femininas-estilo-parodia-luzes.webp | https://http2.mlstatic.com/D_NQ_NP_805842-MLB112154297675_052026-O-camisetas-femininas-estilo-parodia-luzes.webp | https://http2.mlstatic.com/D_NQ_NP_887016-MLB116561479334_092026-O-camisetas-femininas-estilo-parodia-luzes.webp | https://http2.mlstatic.com/D_NQ_NP_991045-MLB116266930572_092026-O-camisetas-femininas-estilo-parodia-luzes.webp | https://http2.mlstatic.com/D_Q_NP_2X_604186-MLB118069370691_092026-R-camisetas-femininas-estilo-parodia-luzes.webp | https://http2.mlstatic.com/D_Q_NP_2X_619675-MLB118069428553_092026-R-camisetas-femininas-estilo-parodia-luzes.webp | https://http2.mlstatic.com/D_Q_NP_2X_693226-MLB116561479024_092026-R-camisetas-femininas-estilo-parodia-luzes.webp | https://http2.mlstatic.com/D_Q_NP_2X_805842-MLB112154297675_052026-R-camisetas-femininas-estilo-parodia-luzes.webp | https://http2.mlstatic.com/D_Q_NP_2X_887016-MLB116561479334_092026-R-camisetas-femininas-estilo-parodia-luzes.webp | https://http2.mlstatic.com/D_Q_NP_2X_931859-MLB116266927514_092026-2X.webp | https://http2.mlstatic.com/D_Q_NP_2X_933436-MLB116267077592_092026-2X.webp | https://http2.mlstatic.com/D_Q_NP_2X_991045-MLB116266930572_092026-2X.webp | https://http2.mlstatic.com/D_Q_NP_2X_991045-MLB116266930572_092026-R-camisetas-femininas-estilo-parodia-luzes.webp | https://http2.mlstatic.com/storage/catalog-technical-specs/images/assets/vectorial/brand.svg | https://http2.mlstatic.com/storage/catalog-technical-specs/images/assets/vectorial/default.svg | https://http2.mlstatic.com/storage/logos-api-admin/00174300-571e-11e8-8364-bff51f08d440-m.svg | https://http2.mlstatic.com/storage/logos-api-admin/9cf818e0-723a-11f0-a459-cf21d0937aeb-m.svg | https://http2.mlstatic.com/storage/logos-api-admin/a5f047d0-9be0-11ec-aad4-c3381f368aaf-m.svg | https://http2.mlstatic.com/storage/logos-api-admin/b2c93a40-f3be-11eb-9984-b7076edb0bb7-m.svg | https://http2.mlstatic.com/storage/logos-api-admin/bb7c7bb0-adec-11f0-92e6-59fb0bcb38c2-m.svg | https://http2.mlstatic.com/storage/logos-api-admin/f3e8e940-f549-11ef-bad6-e9962bcd76e5-m.svg | https://http2.mlstatic.com/storage/logos-api-admin/f99fcca0-f3bd-11eb-9984-b7076edb0bb7-m.svg,5,{}
MLB4728819727,Camisetas Femininas Estilo Paródia Uma Cerveja,Camisetas e Regatas,86.0,"R$ 86,00",,,https://produto.mercadolivre.com.br/MLB-4728819727-camisetas-femininas-estilo-parodia-uma-cerveja-_JM?searchVariation=195736087864#polycard_client=search-desktop&searchVariation=195736087864&be_origin=backend&overlay_label=not_apply&search_layout=grid&position=2&type=item&tracking_id=c6038c79-2da7-4f1f-a180-52be4f4d3542&sid=search,https://http2.mlstatic.com/D_Q_NP_2X_871145-MLB117760430793_092026-E-camisetas-femininas-estilo-parodia-uma-cerveja.webp,Camisetas Femininas Estilo Paródia Uma Cerveja,"Camiseta feminina Estilo Paródia Uma Cerveja, ideal para looks casuais no dia a dia. Tem caimento reto, gola redonda e manga curta, com uma proposta leve e versátil para momentos de lazer e produções descontraídas.

Composição: 67% poliéster e 33% viscose. Uma peça com referência criativa e visual fácil de combinar com calças, saias ou bermudas.

* Nossa peça não possui acabamento na gola,barra e manga estilo Japonesa *",https://http2.mlstatic.com/D_NQ_NP_633022-MLB118073977977_092026-O-camisetas-femininas-estilo-parodia-uma-cerveja.webp | https://http2.mlstatic.com/D_NQ_NP_732969-MLB112583035365_062026-O-camisetas-femininas-estilo-parodia-uma-cerveja.webp | https://http2.mlstatic.com/D_NQ_NP_860598-MLB116564721416_092026-O-camisetas-femininas-estilo-parodia-uma-cerveja.webp | https://http2.mlstatic.com/D_NQ_NP_871145-MLB117760430793_092026-O-camisetas-femininas-estilo-parodia-uma-cerveja.webp | https://http2.mlstatic.com/D_NQ_NP_872831-MLB116564632932_092026-O-camisetas-femininas-estilo-parodia-uma-cerveja.webp | https://http2.mlstatic.com/D_NQ_NP_907938-MLB118074506753_092026-O-camisetas-femininas-estilo-parodia-uma-cerveja.webp | https://http2.mlstatic.com/D_NQ_NP_937150-MLA115954935468_092026-2X.jpg | https://http2.mlstatic.com/D_Q_NP_2X_633022-MLB118073977977_092026-R-camisetas-femininas-estilo-parodia-uma-cerveja.webp | https://http2.mlstatic.com/D_Q_NP_2X_732969-MLB112583035365_062026-R-camisetas-femininas-estilo-parodia-uma-cerveja.webp | https://http2.mlstatic.com/D_Q_NP_2X_860598-MLB116564721416_092026-R-camisetas-femininas-estilo-parodia-uma-cerveja.webp | https://http2.mlstatic.com/D_Q_NP_2X_871145-MLB117760430793_092026-R-camisetas-femininas-estilo-parodia-uma-cerveja.webp | https://http2.mlstatic.com/D_Q_NP_2X_872831-MLB116564632932_092026-R-camisetas-femininas-estilo-parodia-uma-cerveja.webp | https://http2.mlstatic.com/D_Q_NP_2X_907938-MLB118074506753_092026-R-camisetas-femininas-estilo-parodia-uma-cerveja.webp | https://http2.mlstatic.com/storage/catalog-technical-specs/images/assets/vectorial/brand.svg | https://http2.mlstatic.com/storage/catalog-technical-specs/images/assets/vectorial/default.svg | https://http2.mlstatic.com/storage/logos-api-admin/00174300-571e-11e8-8364-bff51f08d440-m.svg | https://http2.mlstatic.com/storage/logos-api-admin/9cf818e0-723a-11f0-a459-cf21d0937aeb-m.svg | https://http2.mlstatic.com/storage/logos-api-admin/a5f047d0-9be0-11ec-aad4-c3381f368aaf-m.svg | https://http2.mlstatic.com/storage/logos-api-admin/b2c93a40-f3be-11eb-9984-b7076edb0bb7-m.svg | https://http2.mlstatic.com/storage/logos-api-admin/bb7c7bb0-adec-11f0-92e6-59fb0bcb38c2-m.svg | https://http2.mlstatic.com/storage/logos-api-admin/f3e8e940-f549-11ef-bad6-e9962bcd76e5-m.svg | https://http2.mlstatic.com/storage/logos-api-admin/f99fcca0-f3bd-11eb-9984-b7076edb0bb7-m.svg,5,{}
MLB4729106903,Camisetas Femininas Estilo Paródia Ai De Mim,Camisetas e Regatas,86.0,"R$ 86,00",5,"#FFFFFF, #A0522D, #FF8C00",https://produto.mercadolivre.com.br/MLB-4729106903-camisetas-femininas-estilo-parodia-ai-de-mim-_JM?searchVariation=195737411176#polycard_client=search-desktop&searchVariation=195737411176&be_origin=backend&overlay_label=not_apply&search_layout=grid&position=3&type=item&tracking_id=c6038c79-2da7-4f1f-a180-52be4f4d3542&sid=search,https://http2.mlstatic.com/D_Q_NP_2X_826821-MLB116269572988_092026-E-camisetas-femininas-estilo-parodia-ai-de-mim.webp,Camisetas Femininas Estilo Paródia Ai De Mim,"Camiseta feminina Estilo Paródia Ai de Mim, ideal para looks casuais no dia a dia. Tem caimento reto, gola redonda e manga curta, com uma proposta leve e versátil para momentos descontraídos.

Composição: 67% poliéster e 33% viscose. Uma peça com referência criativa e visual fácil de combinar com calças, saias ou bermudas.

* Nossa peça não possui acabamento na gola,barra e manga estilo Japonesa *",https://http2.mlstatic.com/D_NQ_NP_692121-MLB116564490314_092026-O-camisetas-femininas-estilo-parodia-ai-de-mim.webp | https://http2.mlstatic.com/D_NQ_NP_703978-MLA115900337472_092026-2X.jpg | https://http2.mlstatic.com/D_NQ_NP_710792-MLB111526599630_062026-O-camisetas-femininas-estilo-parodia-ai-de-mim.webp | https://http2.mlstatic.com/D_NQ_NP_826821-MLB116269572988_092026-O-camisetas-femininas-estilo-parodia-ai-de-mim.webp | https://http2.mlstatic.com/D_NQ_NP_845259-MLB118073359841_092026-O-camisetas-femininas-estilo-parodia-ai-de-mim.webp | https://http2.mlstatic.com/D_NQ_NP_949191-MLB116564781886_092026-O-camisetas-femininas-estilo-parodia-ai-de-mim.webp | https://http2.mlstatic.com/D_NQ_NP_967380-MLB116564431918_092026-O-camisetas-femininas-estilo-parodia-ai-de-mim.webp | https://http2.mlstatic.com/D_Q_NP_2X_692121-MLB116564490314_092026-R-camisetas-femininas-estilo-parodia-ai-de-mim.webp | https://http2.mlstatic.com/D_Q_NP_2X_710792-MLB111526599630_062026-R-camisetas-femininas-estilo-parodia-ai-de-mim.webp | https://http2.mlstatic.com/D_Q_NP_2X_748954-MLB116270487702_092026-2X.webp | https://http2.mlstatic.com/D_Q_NP_2X_826821-MLB116269572988_092026-2X.webp | https://http2.mlstatic.com/D_Q_NP_2X_826821-MLB116269572988_092026-R-camisetas-femininas-estilo-parodia-ai-de-mim.webp | https://http2.mlstatic.com/D_Q_NP_2X_836529-MLB116269809552_092026-2X.webp | https://http2.mlstatic.com/D_Q_NP_2X_845259-MLB118073359841_092026-R-camisetas-femininas-estilo-parodia-ai-de-mim.webp | https://http2.mlstatic.com/D_Q_NP_2X_864342-MLB116271112478_092026-2X.webp | https://http2.mlstatic.com/D_Q_NP_2X_949191-MLB116564781886_092026-R-camisetas-femininas-estilo-parodia-ai-de-mim.webp | https://http2.mlstatic.com/D_Q_NP_2X_967380-MLB116564431918_092026-R-camisetas-femininas-estilo-parodia-ai-de-mim.webp | https://http2.mlstatic.com/D_Q_NP_2X_997042-MLB116269694284_092026-2X.webp | https://http2.mlstatic.com/storage/catalog-technical-specs/images/assets/vectorial/brand.svg | https://http2.mlstatic.com/storage/catalog-technical-specs/images/assets/vectorial/default.svg | https://http2.mlstatic.com/storage/logos-api-admin/00174300-571e-11e8-8364-bff51f08d440-m.svg | https://http2.mlstatic.com/storage/logos-api-admin/9cf818e0-723a-11f0-a459-cf21d0937aeb-m.svg | https://http2.mlstatic.com/storage/logos-api-admin/a5f047d0-9be0-11ec-aad4-c3381f368aaf-m.svg | https://http2.mlstatic.com/storage/logos-api-admin/b2c93a40-f3be-11eb-9984-b7076edb0bb7-m.svg | https://http2.mlstatic.com/storage/logos-api-admin/bb7c7bb0-adec-11f0-92e6-59fb0bcb38c2-m.svg | https://http2.mlstatic.com/storage/logos-api-admin/f3e8e940-f549-11ef-bad6-e9962bcd76e5-m.svg | https://http2.mlstatic.com/storage/logos-api-admin/f99fcca0-f3bd-11eb-9984-b7076edb0bb7-m.svg,5,{}
MLB4729108973,Camisetas Femininas Estilo Paródia Darwin,Camisetas e Regatas,86.0,"R$ 86,00",,"#0DA600, #9F00FF, #A0522D, #000000",https://produto.mercadolivre.com.br/MLB-4729108973-camisetas-femininas-estilo-parodia-darwin-_JM?searchVariation=195737411572#polycard_client=search-desktop&searchVariation=195737411572&be_origin=backend&overlay_label=not_apply&search_layout=grid&position=4&type=item&tracking_id=c6038c79-2da7-4f1f-a180-52be4f4d3542&sid=search,https://http2.mlstatic.com/D_Q_NP_2X_708507-MLB117761627797_092026-E-camisetas-femininas-estilo-parodia-darwin.webp,Camisetas Femininas Estilo Paródia Darwin,"Camiseta feminina Estilo Paródia Mãos de Darwin, ideal para looks casuais no dia a dia. Tem caimento reto, gola redonda e manga curta, com uma proposta leve e versátil para momentos descontraídos.

Composição: 67% poliéster e 33% viscose. Uma peça com referência criativa e visual fácil de combinar com calças, saias ou bermudas.

* Nossa peça não possui acabamento na gola,barra e manga estilo Japonesa *",https://http2.mlstatic.com/D_NQ_NP_620922-MLB118074070907_092026-O-camisetas-femininas-estilo-parodia-darwin.webp | https://http2.mlstatic.com/D_NQ_NP_648991-MLA117090144149_092026-2X.jpg | https://http2.mlstatic.com/D_NQ_NP_708507-MLB117761627797_092026-O-camisetas-femininas-estilo-parodia-darwin.webp | https://http2.mlstatic.com/D_NQ_NP_717283-MLB116564637018_092026-O-camisetas-femininas-estilo-parodia-darwin.webp | https://http2.mlstatic.com/D_NQ_NP_900158-MLB111528975096_062026-O-camisetas-femininas-estilo-parodia-darwin.webp | https://http2.mlstatic.com/D_NQ_NP_936075-MLB118073361451_092026-O-camisetas-femininas-estilo-parodia-darwin.webp | https://http2.mlstatic.com/D_NQ_NP_964695-MLB116564433694_092026-O-camisetas-femininas-estilo-parodia-darwin.webp | https://http2.mlstatic.com/D_Q_NP_2X_620922-MLB118074070907_092026-R-camisetas-femininas-estilo-parodia-darwin.webp | https://http2.mlstatic.com/D_Q_NP_2X_631489-MLB117761687669_092026-2X.webp | https://http2.mlstatic.com/D_Q_NP_2X_708507-MLB117761627797_092026-2X.webp | https://http2.mlstatic.com/D_Q_NP_2X_708507-MLB117761627797_092026-R-camisetas-femininas-estilo-parodia-darwin.webp | https://http2.mlstatic.com/D_Q_NP_2X_717283-MLB116564637018_092026-R-camisetas-femininas-estilo-parodia-darwin.webp | https://http2.mlstatic.com/D_Q_NP_2X_729624-MLB117762749955_092026-2X.webp | https://http2.mlstatic.com/D_Q_NP_2X_816540-MLB117761954571_092026-2X.webp | https://http2.mlstatic.com/D_Q_NP_2X_900158-MLB111528975096_062026-R-camisetas-femininas-estilo-parodia-darwin.webp | https://http2.mlstatic.com/D_Q_NP_2X_936075-MLB118073361451_092026-R-camisetas-femininas-estilo-parodia-darwin.webp | https://http2.mlstatic.com/D_Q_NP_2X_964695-MLB116564433694_092026-R-camisetas-femininas-estilo-parodia-darwin.webp | https://http2.mlstatic.com/storage/catalog-technical-specs/images/assets/vectorial/brand.svg | https://http2.mlstatic.com/storage/catalog-technical-specs/images/assets/vectorial/default.svg | https://http2.mlstatic.com/storage/logos-api-admin/00174300-571e-11e8-8364-bff51f08d440-m.svg | https://http2.mlstatic.com/storage/logos-api-admin/9cf818e0-723a-11f0-a459-cf21d0937aeb-m.svg | https://http2.mlstatic.com/storage/logos-api-admin/a5f047d0-9be0-11ec-aad4-c3381f368aaf-m.svg | https://http2.mlstatic.com/storage/logos-api-admin/b2c93a40-f3be-11eb-9984-b7076edb0bb7-m.svg | https://http2.mlstatic.com/storage/logos-api-admin/bb7c7bb0-adec-11f0-92e6-59fb0bcb38c2-m.svg | https://http2.mlstatic.com/storage/logos-api-admin/f3e8e940-f549-11ef-bad6-e9962bcd76e5-m.svg | https://http2.mlstatic.com/storage/logos-api-admin/f99fcca0-f3bd-11eb-9984-b7076edb0bb7-m.svg,5,{}
MLB6881495276,Camisetas Femininas Estilo Paródia Pulp Fiction,Camisetas e Regatas,86.0,"R$ 86,00",2,,https://produto.mercadolivre.com.br/MLB-6881495276-camisetas-femininas-estilo-parodia-pulp-fiction-_JM?searchVariation=203103378255#polycard_client=search-desktop&searchVariation=203103378255&be_origin=backend&overlay_label=not_apply&search_layout=grid&position=5&type=item&tracking_id=c6038c79-2da7-4f1f-a180-52be4f4d3542&sid=search,https://http2.mlstatic.com/D_Q_NP_2X_849663-MLB116596333418_092026-E-camisetas-femininas-estilo-parodia-pulp-fiction.webp,Camisetas Femininas Estilo Paródia Pulp Fiction,"Camiseta feminina Estilo Paródia Pulp Fiction, ideal para looks casuais no dia a dia. Tem caimento reto, gola redonda e manga curta, com uma proposta leve e versátil para eventos informais e momentos descontraídos.

Composição: 67% poliéster e 33% viscose. Uma peça com referência criativa e visual fácil de combinar com calças, saias ou bermudas.

* Nossa peça não tem acabamento na gola,barra e gola estilo Japonesa *",https://http2.mlstatic.com/D_NQ_NP_649799-MLB116596481060_092026-O-camisetas-femininas-estilo-parodia-pulp-fiction.webp | https://http2.mlstatic.com/D_NQ_NP_761321-MLB112621170281_062026-O-camisetas-femininas-estilo-parodia-pulp-fiction.webp | https://http2.mlstatic.com/D_NQ_NP_846575-MLB118108044967_092026-O-camisetas-femininas-estilo-parodia-pulp-fiction.webp | https://http2.mlstatic.com/D_NQ_NP_849663-MLB116596333418_092026-O-camisetas-femininas-estilo-parodia-pulp-fiction.webp | https://http2.mlstatic.com/D_NQ_NP_982698-MLB116596599280_092026-O-camisetas-femininas-estilo-parodia-pulp-fiction.webp | https://http2.mlstatic.com/D_Q_NP_2X_649799-MLB116596481060_092026-R-camisetas-femininas-estilo-parodia-pulp-fiction.webp | https://http2.mlstatic.com/D_Q_NP_2X_761321-MLB112621170281_062026-R-camisetas-femininas-estilo-parodia-pulp-fiction.webp | https://http2.mlstatic.com/D_Q_NP_2X_846575-MLB118108044967_092026-R-camisetas-femininas-estilo-parodia-pulp-fiction.webp | https://http2.mlstatic.com/D_Q_NP_2X_849663-MLB116596333418_092026-R-camisetas-femininas-estilo-parodia-pulp-fiction.webp | https://http2.mlstatic.com/D_Q_NP_2X_982698-MLB116596599280_092026-R-camisetas-femininas-estilo-parodia-pulp-fiction.webp | https://http2.mlstatic.com/storage/catalog-technical-specs/images/assets/vectorial/brand.svg | https://http2.mlstatic.com/storage/catalog-technical-specs/images/assets/vectorial/default.svg | https://http2.mlstatic.com/storage/logos-api-admin/00174300-571e-11e8-8364-bff51f08d440-m.svg | https://http2.mlstatic.com/storage/logos-api-admin/9cf818e0-723a-11f0-a459-cf21d0937aeb-m.svg | https://http2.mlstatic.com/storage/logos-api-admin/a5f047d0-9be0-11ec-aad4-c3381f368aaf-m.svg | https://http2.mlstatic.com/storage/logos-api-admin/b2c93a40-f3be-11eb-9984-b7076edb0bb7-m.svg | https://http2.mlstatic.com/storage/logos-api-admin/bb7c7bb0-adec-11f0-92e6-59fb0bcb38c2-m.svg | https://http2.mlstatic.com/storage/logos-api-admin/f3e8e940-f549-11ef-bad6-e9962bcd76e5-m.svg | https://http2.mlstatic.com/storage/logos-api-admin/f99fcca0-f3bd-11eb-9984-b7076edb0bb7-m.svg,5,{}
MLB4753149773,Camisetas Femininas Estilo Paródia Stéreo,Camisetas e Regatas,86.0,"R$ 86,00",,"#000000, #A0522D, #0DA600",https://produto.mercadolivre.com.br/MLB-4753149773-camisetas-femininas-estilo-parodia-stereo-_JM?searchVariation=196208335270#polycard_client=search-desktop&searchVariation=196208335270&be_origin=backend&overlay_label=not_apply&search_layout=grid&position=6&type=item&tracking_id=c6038c79-2da7-4f1f-a180-52be4f4d3542&sid=search,https://http2.mlstatic.com/D_Q_NP_2X_822367-MLB116274193514_092026-E-camisetas-femininas-estilo-parodia-stereo.webp,Camisetas Femininas Estilo Paródia Stéreo,"Camiseta feminina Estilo Paródia Árvore Vintage, ideal para looks casuais no dia a dia. Tem caimento reto, gola redonda e manga curta, com uma proposta leve e versátil para momentos de lazer e produções descontraídas.

Composição: 67% poliéster e 33% viscose. Uma peça com referência criativa e visual fácil de combinar com calças, saias ou bermudas.

* Nossa peça não possui acabamento na gola,barra e manga estilo Japonesa *",https://http2.mlstatic.com/D_NQ_NP_636748-MLB116565802022_092026-O-camisetas-femininas-estilo-parodia-stereo.webp | https://http2.mlstatic.com/D_NQ_NP_679096-MLA117661926543_092026-2X.jpg | https://http2.mlstatic.com/D_NQ_NP_692688-MLB116564734244_092026-O-camisetas-femininas-estilo-parodia-stereo.webp | https://http2.mlstatic.com/D_NQ_NP_820625-MLB112991251577_062026-O-camisetas-femininas-estilo-parodia-stereo.webp | https://http2.mlstatic.com/D_NQ_NP_822367-MLB116274193514_092026-O-camisetas-femininas-estilo-parodia-stereo.webp | https://http2.mlstatic.com/D_NQ_NP_887797-MLB116564791726_092026-O-camisetas-femininas-estilo-parodia-stereo.webp | https://http2.mlstatic.com/D_NQ_NP_892232-MLB116565506836_092026-O-camisetas-femininas-estilo-parodia-stereo.webp | https://http2.mlstatic.com/D_Q_NP_2X_636748-MLB116565802022_092026-R-camisetas-femininas-estilo-parodia-stereo.webp | https://http2.mlstatic.com/D_Q_NP_2X_692688-MLB116564734244_092026-R-camisetas-femininas-estilo-parodia-stereo.webp | https://http2.mlstatic.com/D_Q_NP_2X_704641-MLB117767212495_092026-2X.webp | https://http2.mlstatic.com/D_Q_NP_2X_820625-MLB112991251577_062026-R-camisetas-femininas-estilo-parodia-stereo.webp | https://http2.mlstatic.com/D_Q_NP_2X_822367-MLB116274193514_092026-2X.webp | https://http2.mlstatic.com/D_Q_NP_2X_822367-MLB116274193514_092026-R-camisetas-femininas-estilo-parodia-stereo.webp | https://http2.mlstatic.com/D_Q_NP_2X_886078-MLB117767185531_092026-2X.webp | https://http2.mlstatic.com/D_Q_NP_2X_887797-MLB116564791726_092026-R-camisetas-femininas-estilo-parodia-stereo.webp | https://http2.mlstatic.com/D_Q_NP_2X_892232-MLB116565506836_092026-R-camisetas-femininas-estilo-parodia-stereo.webp | https://http2.mlstatic.com/storage/catalog-technical-specs/images/assets/vectorial/brand.svg | https://http2.mlstatic.com/storage/catalog-technical-specs/images/assets/vectorial/default.svg | https://http2.mlstatic.com/storage/logos-api-admin/00174300-571e-11e8-8364-bff51f08d440-m.svg | https://http2.mlstatic.com/storage/logos-api-admin/9cf818e0-723a-11f0-a459-cf21d0937aeb-m.svg | https://http2.mlstatic.com/storage/logos-api-admin/a5f047d0-9be0-11ec-aad4-c3381f368aaf-m.svg | https://http2.mlstatic.com/storage/logos-api-admin/b2c93a40-f3be-11eb-9984-b7076edb0bb7-m.svg | https://http2.mlstatic.com/storage/logos-api-admin/bb7c7bb0-adec-11f0-92e6-59fb0bcb38c2-m.svg | https://http2.mlstatic.com/storage/logos-api-admin/f3e8e940-f549-11ef-bad6-e9962bcd76e5-m.svg | https://http2.mlstatic.com/storage/logos-api-admin/f99fcca0-f3bd-11eb-9984-b7076edb0bb7-m.svg,5,{}
MLB4753522261,Camisetas Femininas Estilo Paródia Problema Seu,Camisetas e Regatas,86.0,"R$ 86,00",,"#FFFFFF, #A0522D, #000000",https://produto.mercadolivre.com.br/MLB-4753522261-camisetas-femininas-estilo-parodia-problema-seu-_JM?searchVariation=203616478619#polycard_client=search-desktop&searchVariation=203616478619&be_origin=backend&overlay_label=not_apply&search_layout=grid&position=7&type=item&tracking_id=c6038c79-2da7-4f1f-a180-52be4f4d3542&sid=search,https://http2.mlstatic.com/D_Q_NP_2X_817617-MLB117804610011_092026-E-camisetas-femininas-estilo-parodia-problema-seu.webp,Camisetas Femininas Estilo Parodia Problema Seu,"Camiseta feminina Estilo Paródia Problema Seu, ideal para looks casuais no dia a dia. Tem caimento reto, gola redonda e manga curta, com uma proposta leve e versátil para momentos descontraídos.

Composição: 67% poliéster e 33% viscose. Uma peça com referência criativa e visual fácil de combinar com calças, saias ou bermudas.

* Nossa peça não tem acabamento na gola,barra e gola estilo Japonesa *",https://http2.mlstatic.com/D_NQ_NP_651550-MLA116175983926_092026-2X.jpg | https://http2.mlstatic.com/D_NQ_NP_793819-MLB116564856092_092026-O-camisetas-femininas-estilo-parodia-problema-seu.webp | https://http2.mlstatic.com/D_NQ_NP_799441-MLB116564708644_092026-O-camisetas-femininas-estilo-parodia-problema-seu.webp | https://http2.mlstatic.com/D_NQ_NP_817617-MLB117804610011_092026-O-camisetas-femininas-estilo-parodia-problema-seu.webp | https://http2.mlstatic.com/D_NQ_NP_817652-MLB116564504002_092026-O-camisetas-femininas-estilo-parodia-problema-seu.webp | https://http2.mlstatic.com/D_NQ_NP_915906-MLB116564531388_092026-O-camisetas-femininas-estilo-parodia-problema-seu.webp | https://http2.mlstatic.com/D_NQ_NP_961524-MLB112993675471_062026-O-camisetas-femininas-estilo-parodia-problema-seu.webp | https://http2.mlstatic.com/D_Q_NP_2X_660489-MLB117804935465_092026-2X.webp | https://http2.mlstatic.com/D_Q_NP_2X_793819-MLB116564856092_092026-R-camisetas-femininas-estilo-parodia-problema-seu.webp | https://http2.mlstatic.com/D_Q_NP_2X_799441-MLB116564708644_092026-R-camisetas-femininas-estilo-parodia-problema-seu.webp | https://http2.mlstatic.com/D_Q_NP_2X_800695-MLB117805165829_092026-2X.webp | https://http2.mlstatic.com/D_Q_NP_2X_817617-MLB117804610011_092026-2X.webp | https://http2.mlstatic.com/D_Q_NP_2X_817617-MLB117804610011_092026-R-camisetas-femininas-estilo-parodia-problema-seu.webp | https://http2.mlstatic.com/D_Q_NP_2X_817652-MLB116564504002_092026-R-camisetas-femininas-estilo-parodia-problema-seu.webp | https://http2.mlstatic.com/D_Q_NP_2X_915906-MLB116564531388_092026-R-camisetas-femininas-estilo-parodia-problema-seu.webp | https://http2.mlstatic.com/D_Q_NP_2X_961524-MLB112993675471_062026-R-camisetas-femininas-estilo-parodia-problema-seu.webp | https://http2.mlstatic.com/storage/catalog-technical-specs/images/assets/vectorial/brand.svg | https://http2.mlstatic.com/storage/catalog-technical-specs/images/assets/vectorial/default.svg | https://http2.mlstatic.com/storage/logos-api-admin/00174300-571e-11e8-8364-bff51f08d440-m.svg | https://http2.mlstatic.com/storage/logos-api-admin/9cf818e0-723a-11f0-a459-cf21d0937aeb-m.svg | https://http2.mlstatic.com/storage/logos-api-admin/a5f047d0-9be0-11ec-aad4-c3381f368aaf-m.svg | https://http2.mlstatic.com/storage/logos-api-admin/b2c93a40-f3be-11eb-9984-b7076edb0bb7-m.svg | https://http2.mlstatic.com/storage/logos-api-admin/bb7c7bb0-adec-11f0-92e6-59fb0bcb38c2-m.svg | https://http2.mlstatic.com/storage/logos-api-admin/f3e8e940-f549-11ef-bad6-e9962bcd76e5-m.svg | https://http2.mlstatic.com/storage/logos-api-admin/f99fcca0-f3bd-11eb-9984-b7076edb0bb7-m.svg,5,{}
MLB6872593070,Camisetas Femininas Estilo Paródia Pink Freud,Camisetas e Regatas,86.0,"R$ 86,00",,,https://produto.mercadolivre.com.br/MLB-6872593070-camisetas-femininas-estilo-parodia-pink-freud-_JM?searchVariation=203044198237#polycard_client=search-desktop&searchVariation=203044198237&be_origin=backend&overlay_label=not_apply&search_layout=grid&position=8&type=item&tracking_id=c6038c79-2da7-4f1f-a180-52be4f4d3542&sid=search,https://http2.mlstatic.com/D_Q_NP_2X_684721-MLB116312855854_092026-E-camisetas-femininas-estilo-parodia-pink-freud.webp,Camisetas Femininas Estilo Paródia Pink Freud,"Camiseta feminina Estilo Paródia Pink Freud, ideal para looks casuais no dia a dia. Tem caimento reto, gola redonda e manga curta, com uma proposta leve e versátil para momentos de lazer e produções descontraídas.

Composição: 67% poliéster e 33% viscose. Uma peça com referência criativa e visual fácil de combinar com calças, saias ou bermudas.

Garantia do vendedor: 90 dias",https://http2.mlstatic.com/D_NQ_NP_642108-MLB116596596098_092026-O-camisetas-femininas-estilo-parodia-pink-freud.webp | https://http2.mlstatic.com/D_NQ_NP_684721-MLB116312855854_092026-O-camisetas-femininas-estilo-parodia-pink-freud.webp | https://http2.mlstatic.com/D_NQ_NP_770463-MLB116596566080_092026-O-camisetas-femininas-estilo-parodia-pink-freud.webp | https://http2.mlstatic.com/D_NQ_NP_805537-MLB112536157491_052026-O-camisetas-femininas-estilo-parodia-pink-freud.webp | https://http2.mlstatic.com/D_NQ_NP_818489-MLB116596330478_092026-O-camisetas-femininas-estilo-parodia-pink-freud.webp | https://http2.mlstatic.com/D_Q_NP_2X_642108-MLB116596596098_092026-R-camisetas-femininas-estilo-parodia-pink-freud.webp | https://http2.mlstatic.com/D_Q_NP_2X_684721-MLB116312855854_092026-R-camisetas-femininas-estilo-parodia-pink-freud.webp | https://http2.mlstatic.com/D_Q_NP_2X_770463-MLB116596566080_092026-R-camisetas-femininas-estilo-parodia-pink-freud.webp | https://http2.mlstatic.com/D_Q_NP_2X_805537-MLB112536157491_052026-R-camisetas-femininas-estilo-parodia-pink-freud.webp | https://http2.mlstatic.com/D_Q_NP_2X_818489-MLB116596330478_092026-R-camisetas-femininas-estilo-parodia-pink-freud.webp | https://http2.mlstatic.com/storage/catalog-technical-specs/images/assets/vectorial/brand.svg | https://http2.mlstatic.com/storage/catalog-technical-specs/images/assets/vectorial/default.svg | https://http2.mlstatic.com/storage/logos-api-admin/00174300-571e-11e8-8364-bff51f08d440-m.svg | https://http2.mlstatic.com/storage/logos-api-admin/9cf818e0-723a-11f0-a459-cf21d0937aeb-m.svg | https://http2.mlstatic.com/storage/logos-api-admin/a5f047d0-9be0-11ec-aad4-c3381f368aaf-m.svg | https://http2.mlstatic.com/storage/logos-api-admin/b2c93a40-f3be-11eb-9984-b7076edb0bb7-m.svg | https://http2.mlstatic.com/storage/logos-api-admin/bb7c7bb0-adec-11f0-92e6-59fb0bcb38c2-m.svg | https://http2.mlstatic.com/storage/logos-api-admin/f3e8e940-f549-11ef-bad6-e9962bcd76e5-m.svg | https://http2.mlstatic.com/storage/logos-api-admin/f99fcca0-f3bd-11eb-9984-b7076edb0bb7-m.svg,5,{}
MLB6922869676,Camisetas Femininas Estilo Paródia Skate,Camisetas e Regatas,86.0,"R$ 86,00",,"#FFFFFF, #0DA600",https://produto.mercadolivre.com.br/MLB-6922869676-camisetas-femininas-estilo-parodia-skate-_JM?searchVariation=196153180708#polycard_client=search-desktop&searchVariation=196153180708&be_origin=backend&overlay_label=not_apply&search_layout=grid&position=9&type=item&tracking_id=c6038c79-2da7-4f1f-a180-52be4f4d3542&sid=search,https://http2.mlstatic.com/D_Q_NP_2X_747897-MLB117818609227_092026-E-camisetas-femininas-estilo-parodia-skate.webp,Camisetas Femininas Estilo Paródia Skate,"Camiseta feminina Estilo Paródia Charlie Chaplin, ideal para looks casuais no dia a dia. Tem caimento reto, gola redonda e manga curta, com uma proposta leve e versátil para momentos de lazer e produções descontraídas.

Composição: 67% poliéster e 33% viscose. Uma peça com referência criativa e visual fácil de combinar com calças, saias ou bermudas.

* Nossa peça não tem acabamento na gola,barra e gola estilo Japonesa *",https://http2.mlstatic.com/D_NQ_NP_606636-MLB112946758003_062026-O-camisetas-femininas-estilo-parodia-skate.webp | https://http2.mlstatic.com/D_NQ_NP_620387-MLA117372445715_092026-2X.jpg | https://http2.mlstatic.com/D_NQ_NP_747897-MLB117818609227_092026-O-camisetas-femininas-estilo-parodia-skate.webp | https://http2.mlstatic.com/D_NQ_NP_789585-MLB118062325151_092026-O-camisetas-femininas-estilo-parodia-skate.webp | https://http2.mlstatic.com/D_Q_NP_2X_606636-MLB112946758003_062026-R-camisetas-femininas-estilo-parodia-skate.webp | https://http2.mlstatic.com/D_Q_NP_2X_747897-MLB117818609227_092026-2X.webp | https://http2.mlstatic.com/D_Q_NP_2X_747897-MLB117818609227_092026-R-camisetas-femininas-estilo-parodia-skate.webp | https://http2.mlstatic.com/D_Q_NP_2X_789585-MLB118062325151_092026-R-camisetas-femininas-estilo-parodia-skate.webp | https://http2.mlstatic.com/D_Q_NP_2X_935533-MLB117818610489_092026-2X.webp | https://http2.mlstatic.com/D_Q_NP_2X_936768-MLB117816982065_092026-2X.webp | https://http2.mlstatic.com/storage/catalog-technical-specs/images/assets/vectorial/brand.svg | https://http2.mlstatic.com/storage/catalog-technical-specs/images/assets/vectorial/default.svg | https://http2.mlstatic.com/storage/logos-api-admin/00174300-571e-11e8-8364-bff51f08d440-m.svg | https://http2.mlstatic.com/storage/logos-api-admin/9cf818e0-723a-11f0-a459-cf21d0937aeb-m.svg | https://http2.mlstatic.com/storage/logos-api-admin/a5f047d0-9be0-11ec-aad4-c3381f368aaf-m.svg | https://http2.mlstatic.com/storage/logos-api-admin/b2c93a40-f3be-11eb-9984-b7076edb0bb7-m.svg | https://http2.mlstatic.com/storage/logos-api-admin/bb7c7bb0-adec-11f0-92e6-59fb0bcb38c2-m.svg | https://http2.mlstatic.com/storage/logos-api-admin/f3e8e940-f549-11ef-bad6-e9962bcd76e5-m.svg | https://http2.mlstatic.com/storage/logos-api-admin/f99fcca0-f3bd-11eb-9984-b7076edb0bb7-m.svg,5,{}
MLB6928324358,Camisetas Femininas Estilo Paródia Imagine,Camisetas e Regatas,86.0,"R$ 86,00",,,https://produto.mercadolivre.com.br/MLB-6928324358-camisetas-femininas-estilo-parodia-imagine-_JM?searchVariation=203616473247#polycard_client=search-desktop&searchVariation=203616473247&be_origin=backend&overlay_label=not_apply&search_layout=grid&position=10&type=item&tracking_id=c6038c79-2da7-4f1f-a180-52be4f4d3542&sid=search,https://http2.mlstatic.com/D_Q_NP_2X_653324-MLB117819002155_092026-E-camisetas-femininas-estilo-parodia-imagine.webp,Camisetas Femininas Estilo Paródia Imagine,"Camiseta feminina Estilo Paródia Imagine, ideal para looks casuais no dia a dia. Tem caimento reto, gola redonda e manga curta, com uma proposta leve e versátil para momentos de lazer e produções descontraídas.

Composição: 67% poliéster e 33% viscose. Uma peça com referência criativa e visual fácil de combinar com calças, saias ou bermudas.

* Nossa peça não tem acabamento na gola,barra e gola estilo Japonesa *",https://http2.mlstatic.com/D_NQ_NP_653324-MLB117819002155_092026-O-camisetas-femininas-estilo-parodia-imagine.webp | https://http2.mlstatic.com/D_NQ_NP_719888-MLB118110817237_092026-O-camisetas-femininas-estilo-parodia-imagine.webp | https://http2.mlstatic.com/D_NQ_NP_754684-MLB118110994475_092026-O-camisetas-femininas-estilo-parodia-imagine.webp | https://http2.mlstatic.com/D_NQ_NP_762911-MLB118111289797_092026-O-camisetas-femininas-estilo-parodia-imagine.webp | https://http2.mlstatic.com/D_NQ_NP_803161-MLB116600016356_092026-O-camisetas-femininas-estilo-parodia-imagine.webp | https://http2.mlstatic.com/D_NQ_NP_943345-MLB112991253587_062026-O-camisetas-femininas-estilo-parodia-imagine.webp | https://http2.mlstatic.com/D_Q_NP_2X_653324-MLB117819002155_092026-R-camisetas-femininas-estilo-parodia-imagine.webp | https://http2.mlstatic.com/D_Q_NP_2X_719888-MLB118110817237_092026-R-camisetas-femininas-estilo-parodia-imagine.webp | https://http2.mlstatic.com/D_Q_NP_2X_754684-MLB118110994475_092026-R-camisetas-femininas-estilo-parodia-imagine.webp | https://http2.mlstatic.com/D_Q_NP_2X_762911-MLB118111289797_092026-R-camisetas-femininas-estilo-parodia-imagine.webp | https://http2.mlstatic.com/D_Q_NP_2X_803161-MLB116600016356_092026-R-camisetas-femininas-estilo-parodia-imagine.webp | https://http2.mlstatic.com/D_Q_NP_2X_943345-MLB112991253587_062026-R-camisetas-femininas-estilo-parodia-imagine.webp | https://http2.mlstatic.com/storage/catalog-technical-specs/images/assets/vectorial/brand.svg | https://http2.mlstatic.com/storage/catalog-technical-specs/images/assets/vectorial/default.svg | https://http2.mlstatic.com/storage/catalog-technical-specs/images/assets/vectorial/main_material.svg | https://http2.mlstatic.com/storage/logos-api-admin/00174300-571e-11e8-8364-bff51f08d440-m.svg | https://http2.mlstatic.com/storage/logos-api-admin/9cf818e0-723a-11f0-a459-cf21d0937aeb-m.svg | https://http2.mlstatic.com/storage/logos-api-admin/a5f047d0-9be0-11ec-aad4-c3381f368aaf-m.svg | https://http2.mlstatic.com/storage/logos-api-admin/b2c93a40-f3be-11eb-9984-b7076edb0bb7-m.svg | https://http2.mlstatic.com/storage/logos-api-admin/bb7c7bb0-adec-11f0-92e6-59fb0bcb38c2-m.svg | https://http2.mlstatic.com/storage/logos-api-admin/f3e8e940-f549-11ef-bad6-e9962bcd76e5-m.svg | https://http2.mlstatic.com/storage/logos-api-admin/f99fcca0-f3bd-11eb-9984-b7076edb0bb7-m.svg,5,{}
MLB4729113477,Camisetas Femininas Estilo Paródia Lavanderia,Camisetas e Regatas,86.0,"R$ 86,00",5,"#000000, #A0522D, #0DA600",https://produto.mercadolivre.com.br/MLB-4729113477-camisetas-femininas-estilo-parodia-lavanderia-_JM?searchVariation=195737412192#polycard_client=search-desktop&searchVariation=195737412192&be_origin=backend&overlay_label=not_apply&search_layout=grid&position=11&type=item&tracking_id=c6038c79-2da7-4f1f-a180-52be4f4d3542&sid=search,https://http2.mlstatic.com/D_Q_NP_2X_954206-MLB117761838077_092026-E-camisetas-femininas-estilo-parodia-lavanderia.webp,Camisetas Femininas Estilo Paródia Lavanderia,"Camiseta feminina Estilo Paródia Estampas Incríveis, ideal para looks casuais no dia a dia. Tem gola redonda e manga curta, com uma proposta leve e versátil para momentos de lazer e produções descontraídas.

Composição: 67% poliéster e 33% viscose. Uma peça com referência criativa e visual fácil de combinar com calças, saias ou bermudas.

* Nossa peça não possui acabamento na gola,barra e manga estilo Japonesa *",https://http2.mlstatic.com/D_NQ_NP_705873-MLB116564493502_092026-O-camisetas-femininas-estilo-parodia-lavanderia.webp | https://http2.mlstatic.com/D_NQ_NP_736265-MLB112592035469_062026-O-camisetas-femininas-estilo-parodia-lavanderia.webp | https://http2.mlstatic.com/D_NQ_NP_939162-MLB118074072677_092026-O-camisetas-femininas-estilo-parodia-lavanderia.webp | https://http2.mlstatic.com/D_NQ_NP_954206-MLB117761838077_092026-O-camisetas-femininas-estilo-parodia-lavanderia.webp | https://http2.mlstatic.com/D_NQ_NP_981103-MLB116565795478_092026-O-camisetas-femininas-estilo-parodia-lavanderia.webp | https://http2.mlstatic.com/D_NQ_NP_985201-MLB116564727798_092026-O-camisetas-femininas-estilo-parodia-lavanderia.webp | https://http2.mlstatic.com/D_Q_NP_2X_685580-MLB116271119666_092026-2X.webp | https://http2.mlstatic.com/D_Q_NP_2X_705873-MLB116564493502_092026-R-camisetas-femininas-estilo-parodia-lavanderia.webp | https://http2.mlstatic.com/D_Q_NP_2X_736265-MLB112592035469_062026-R-camisetas-femininas-estilo-parodia-lavanderia.webp | https://http2.mlstatic.com/D_Q_NP_2X_814610-MLB116271124550_092026-2X.webp | https://http2.mlstatic.com/D_Q_NP_2X_891074-MLB116270500282_092026-2X.webp | https://http2.mlstatic.com/D_Q_NP_2X_939162-MLB118074072677_092026-R-camisetas-femininas-estilo-parodia-lavanderia.webp | https://http2.mlstatic.com/D_Q_NP_2X_954206-MLB117761838077_092026-2X.webp | https://http2.mlstatic.com/D_Q_NP_2X_954206-MLB117761838077_092026-R-camisetas-femininas-estilo-parodia-lavanderia.webp | https://http2.mlstatic.com/D_Q_NP_2X_979136-MLB118073985185_092026-2X.webp | https://http2.mlstatic.com/D_Q_NP_2X_981103-MLB116565795478_092026-R-camisetas-femininas-estilo-parodia-lavanderia.webp | https://http2.mlstatic.com/D_Q_NP_2X_985201-MLB116564727798_092026-R-camisetas-femininas-estilo-parodia-lavanderia.webp | https://http2.mlstatic.com/storage/catalog-technical-specs/images/assets/vectorial/brand.svg | https://http2.mlstatic.com/storage/catalog-technical-specs/images/assets/vectorial/default.svg | https://http2.mlstatic.com/storage/logos-api-admin/00174300-571e-11e8-8364-bff51f08d440-m.svg | https://http2.mlstatic.com/storage/logos-api-admin/9cf818e0-723a-11f0-a459-cf21d0937aeb-m.svg | https://http2.mlstatic.com/storage/logos-api-admin/a5f047d0-9be0-11ec-aad4-c3381f368aaf-m.svg | https://http2.mlstatic.com/storage/logos-api-admin/b2c93a40-f3be-11eb-9984-b7076edb0bb7-m.svg | https://http2.mlstatic.com/storage/logos-api-admin/bb7c7bb0-adec-11f0-92e6-59fb0bcb38c2-m.svg | https://http2.mlstatic.com/storage/logos-api-admin/f3e8e940-f549-11ef-bad6-e9962bcd76e5-m.svg | https://http2.mlstatic.com/storage/logos-api-admin/f99fcca0-f3bd-11eb-9984-b7076edb0bb7-m.svg,5,{}
MLB4753134653,Camisetas Femininas Estilo Paródia Mickeylangelo,Camisetas e Regatas,86.0,"R$ 86,00",,,https://produto.mercadolivre.com.br/MLB-4753134653-camisetas-femininas-estilo-parodia-mickeylangelo-_JM?searchVariation=203614138301#polycard_client=search-desktop&searchVariation=203614138301&be_origin=backend&overlay_label=not_apply&search_layout=grid&position=12&type=item&tracking_id=c6038c79-2da7-4f1f-a180-52be4f4d3542&sid=search,https://http2.mlstatic.com/D_Q_NP_2X_822941-MLB118015668973_092026-E-camisetas-femininas-estilo-parodia-mickeylangelo.webp,Camisetas Femininas Estilo Parodia Mickeylangelo,"Camiseta feminina Estilo Paródia MickeyLangelo, ideal para looks casuais no dia a dia. Tem caimento reto, gola redonda e manga curta, com uma proposta leve e versátil para momentos de lazer e produções descontraídas.

Composição: 67% poliéster e 33% viscose. Uma peça com referência criativa e visual fácil de combinar com calças, saias ou bermudas.

Garantia do vendedor: 90 dias",https://http2.mlstatic.com/D_NQ_NP_822941-MLB118015668973_092026-O-camisetas-femininas-estilo-parodia-mickeylangelo.webp | https://http2.mlstatic.com/D_NQ_NP_951821-MLB111874896094_062026-O-camisetas-femininas-estilo-parodia-mickeylangelo.webp | https://http2.mlstatic.com/D_Q_NP_2X_822941-MLB118015668973_092026-R-camisetas-femininas-estilo-parodia-mickeylangelo.webp | https://http2.mlstatic.com/D_Q_NP_2X_951821-MLB111874896094_062026-R-camisetas-femininas-estilo-parodia-mickeylangelo.webp | https://http2.mlstatic.com/storage/catalog-technical-specs/images/assets/vectorial/brand.svg | https://http2.mlstatic.com/storage/catalog-technical-specs/images/assets/vectorial/default.svg | https://http2.mlstatic.com/storage/logos-api-admin/00174300-571e-11e8-8364-bff51f08d440-m.svg | https://http2.mlstatic.com/storage/logos-api-admin/9cf818e0-723a-11f0-a459-cf21d0937aeb-m.svg | https://http2.mlstatic.com/storage/logos-api-admin/a5f047d0-9be0-11ec-aad4-c3381f368aaf-m.svg | https://http2.mlstatic.com/storage/logos-api-admin/b2c93a40-f3be-11eb-9984-b7076edb0bb7-m.svg | https://http2.mlstatic.com/storage/logos-api-admin/bb7c7bb0-adec-11f0-92e6-59fb0bcb38c2-m.svg | https://http2.mlstatic.com/storage/logos-api-admin/f3e8e940-f549-11ef-bad6-e9962bcd76e5-m.svg | https://http2.mlstatic.com/storage/logos-api-admin/f99fcca0-f3bd-11eb-9984-b7076edb0bb7-m.svg,5,{}
MLB4753260437,Camisetas Femininas Estilo Paródia Reggae,Camisetas e Regatas,86.0,"R$ 86,00",,,https://produto.mercadolivre.com.br/MLB-4753260437-camisetas-femininas-estilo-parodia-reggae-_JM?searchVariation=196208337580#polycard_client=search-desktop&searchVariation=196208337580&be_origin=backend&overlay_label=not_apply&search_layout=grid&position=13&type=item&tracking_id=c6038c79-2da7-4f1f-a180-52be4f4d3542&sid=search,https://http2.mlstatic.com/D_Q_NP_2X_657492-MLB116276548410_092026-E-camisetas-femininas-estilo-parodia-reggae.webp,Camisetas Femininas Estilo Paródia Reggae,"Camiseta feminina Estilo Paródia Reggae, ideal para looks casuais no dia a dia. Tem caimento reto, gola redonda e manga curta, com uma proposta leve e versátil para momentos descontraídos.

Composição: 67% poliéster e 33% viscose. Uma peça com referência criativa e visual fácil de combinar com calças, saias ou bermudas.

* Nossa peça não possui acabamento na gola,barra e manga estilo Japonesa *",https://http2.mlstatic.com/D_NQ_NP_621447-MLB118073991721_092026-O-camisetas-femininas-estilo-parodia-reggae.webp | https://http2.mlstatic.com/D_NQ_NP_657492-MLB116276548410_092026-O-camisetas-femininas-estilo-parodia-reggae.webp | https://http2.mlstatic.com/D_NQ_NP_658132-MLB112991265467_062026-O-camisetas-femininas-estilo-parodia-reggae.webp | https://http2.mlstatic.com/D_NQ_NP_750738-MLB116564735174_092026-O-camisetas-femininas-estilo-parodia-reggae.webp | https://http2.mlstatic.com/D_NQ_NP_774210-MLB118074079977_092026-O-camisetas-femininas-estilo-parodia-reggae.webp | https://http2.mlstatic.com/D_NQ_NP_916569-MLB116564792798_092026-O-camisetas-femininas-estilo-parodia-reggae.webp | https://http2.mlstatic.com/D_Q_NP_2X_621447-MLB118073991721_092026-R-camisetas-femininas-estilo-parodia-reggae.webp | https://http2.mlstatic.com/D_Q_NP_2X_657492-MLB116276548410_092026-R-camisetas-femininas-estilo-parodia-reggae.webp | https://http2.mlstatic.com/D_Q_NP_2X_658132-MLB112991265467_062026-R-camisetas-femininas-estilo-parodia-reggae.webp | https://http2.mlstatic.com/D_Q_NP_2X_750738-MLB116564735174_092026-R-camisetas-femininas-estilo-parodia-reggae.webp | https://http2.mlstatic.com/D_Q_NP_2X_774210-MLB118074079977_092026-R-camisetas-femininas-estilo-parodia-reggae.webp | https://http2.mlstatic.com/D_Q_NP_2X_916569-MLB116564792798_092026-R-camisetas-femininas-estilo-parodia-reggae.webp | https://http2.mlstatic.com/storage/catalog-technical-specs/images/assets/vectorial/brand.svg | https://http2.mlstatic.com/storage/catalog-technical-specs/images/assets/vectorial/default.svg | https://http2.mlstatic.com/storage/logos-api-admin/00174300-571e-11e8-8364-bff51f08d440-m.svg | https://http2.mlstatic.com/storage/logos-api-admin/9cf818e0-723a-11f0-a459-cf21d0937aeb-m.svg | https://http2.mlstatic.com/storage/logos-api-admin/a5f047d0-9be0-11ec-aad4-c3381f368aaf-m.svg | https://http2.mlstatic.com/storage/logos-api-admin/b2c93a40-f3be-11eb-9984-b7076edb0bb7-m.svg | https://http2.mlstatic.com/storage/logos-api-admin/bb7c7bb0-adec-11f0-92e6-59fb0bcb38c2-m.svg | https://http2.mlstatic.com/storage/logos-api-admin/f3e8e940-f549-11ef-bad6-e9962bcd76e5-m.svg | https://http2.mlstatic.com/storage/logos-api-admin/f99fcca0-f3bd-11eb-9984-b7076edb0bb7-m.svg,5,{}
MLB4814630773,Vestidos Estilo Paródia Panda,Vestidos,125.0,"R$ 125,00",,"#FFFFFF, #83DDFF, #FF8C00",https://produto.mercadolivre.com.br/MLB-4814630773-vestidos-estilo-parodia-panda-_JM?searchVariation=197058333148#polycard_client=search-desktop&searchVariation=197058333148&be_origin=backend&overlay_label=not_apply&search_layout=grid&position=14&type=item&tracking_id=c6038c79-2da7-4f1f-a180-52be4f4d3542&sid=search,https://http2.mlstatic.com/D_Q_NP_2X_892548-MLB116310785440_092026-E-vestidos-estilo-parodia-panda.webp,Vestidos Estilo Paródia Panda,"Vestido Estilo Paródia Panda Coração, com modelagem solta e comprimento curto. Sem mangas e com decote coração, traz um visual casual, divertido e feminino.

Composição: 67% poliéster e 33% viscose. Uma peça versátil para compor produções leves e descontraídas.

* Nossa peça não tem acabamento na gola,barra e gola estilo Japonesa *",https://http2.mlstatic.com/D_NQ_NP_603887-MLB116596548502_092026-O-vestidos-estilo-parodia-panda.webp | https://http2.mlstatic.com/D_NQ_NP_674800-MLB116596548578_092026-O-vestidos-estilo-parodia-panda.webp | https://http2.mlstatic.com/D_NQ_NP_691358-MLB116596578514_092026-O-vestidos-estilo-parodia-panda.webp | https://http2.mlstatic.com/D_NQ_NP_825612-MLB113909870381_062026-O-vestidos-estilo-parodia-panda.webp | https://http2.mlstatic.com/D_NQ_NP_873964-MLA117662894903_092026-2X.jpg | https://http2.mlstatic.com/D_NQ_NP_892548-MLB116310785440_092026-O-vestidos-estilo-parodia-panda.webp | https://http2.mlstatic.com/D_NQ_NP_899431-MLB116596460816_092026-O-vestidos-estilo-parodia-panda.webp | https://http2.mlstatic.com/D_Q_NP_2X_603887-MLB116596548502_092026-R-vestidos-estilo-parodia-panda.webp | https://http2.mlstatic.com/D_Q_NP_2X_674800-MLB116596548578_092026-R-vestidos-estilo-parodia-panda.webp | https://http2.mlstatic.com/D_Q_NP_2X_691358-MLB116596578514_092026-R-vestidos-estilo-parodia-panda.webp | https://http2.mlstatic.com/D_Q_NP_2X_825612-MLB113909870381_062026-R-vestidos-estilo-parodia-panda.webp | https://http2.mlstatic.com/D_Q_NP_2X_835742-MLB116596549448_092026-2X.webp | https://http2.mlstatic.com/D_Q_NP_2X_839279-MLB116596461082_092026-2X.webp | https://http2.mlstatic.com/D_Q_NP_2X_892548-MLB116310785440_092026-2X.webp | https://http2.mlstatic.com/D_Q_NP_2X_892548-MLB116310785440_092026-R-vestidos-estilo-parodia-panda.webp | https://http2.mlstatic.com/D_Q_NP_2X_899431-MLB116596460816_092026-R-vestidos-estilo-parodia-panda.webp | https://http2.mlstatic.com/storage/catalog-technical-specs/images/assets/vectorial/brand.svg | https://http2.mlstatic.com/storage/catalog-technical-specs/images/assets/vectorial/default.svg | https://http2.mlstatic.com/storage/catalog-technical-specs/images/assets/vectorial/main_material.svg | https://http2.mlstatic.com/storage/catalog-technical-specs/images/assets/vectorial/occasions.svg | https://http2.mlstatic.com/storage/catalog-technical-specs/images/assets/vectorial/release_season.svg | https://http2.mlstatic.com/storage/logos-api-admin/00174300-571e-11e8-8364-bff51f08d440-m.svg | https://http2.mlstatic.com/storage/logos-api-admin/9cf818e0-723a-11f0-a459-cf21d0937aeb-m.svg | https://http2.mlstatic.com/storage/logos-api-admin/a5f047d0-9be0-11ec-aad4-c3381f368aaf-m.svg | https://http2.mlstatic.com/storage/logos-api-admin/b2c93a40-f3be-11eb-9984-b7076edb0bb7-m.svg | https://http2.mlstatic.com/storage/logos-api-admin/bb7c7bb0-adec-11f0-92e6-59fb0bcb38c2-m.svg | https://http2.mlstatic.com/storage/logos-api-admin/f3e8e940-f549-11ef-bad6-e9962bcd76e5-m.svg | https://http2.mlstatic.com/storage/logos-api-admin/f99fcca0-f3bd-11eb-9984-b7076edb0bb7-m.svg,5,{}
MLB4706614261,Camiseta Estilo Paródia Feminina Gato Yin-yang,Camisetas e Regatas,86.0,"R$ 86,00",4,#9F00FF,https://produto.mercadolivre.com.br/MLB-4706614261-camiseta-estilo-parodia-feminina-gato-yin-yang-_JM?searchVariation=195281139232#polycard_client=search-desktop&searchVariation=195281139232&be_origin=backend&overlay_label=not_apply&search_layout=grid&position=15&type=item&tracking_id=c6038c79-2da7-4f1f-a180-52be4f4d3542&sid=search,https://http2.mlstatic.com/D_Q_NP_2X_812311-MLB116267510036_092026-E-camiseta-estilo-parodia-feminina-gato-yin-yang.webp,Camiseta Estilo Paródia Feminina Gato Yin-yang,"Camiseta feminina Estilo Paródia Gato Yin-Yang, ideal para looks casuais no dia a dia. Tem caimento reto, gola redonda e manga curta, com uma proposta leve e versátil para momentos descontraídos.

Composição: 67% poliéster e 33% viscose. Uma peça com referência criativa e visual fácil de combinar com calças, saias ou bermudas.

* Nossa peça não possui acabamento na gola,barra e manga estilo Japonesa *

Garantia do vendedor: 90 dias",https://http2.mlstatic.com/D_NQ_NP_703073-MLB118068863409_092026-O-camiseta-estilo-parodia-feminina-gato-yin-yang.webp | https://http2.mlstatic.com/D_NQ_NP_800476-MLA115954573312_092026-2X.jpg | https://http2.mlstatic.com/D_NQ_NP_811407-MLB118070491107_092026-O-camiseta-estilo-parodia-feminina-gato-yin-yang.webp | https://http2.mlstatic.com/D_NQ_NP_812311-MLB116267510036_092026-O-camiseta-estilo-parodia-feminina-gato-yin-yang.webp | https://http2.mlstatic.com/D_NQ_NP_865386-MLB111150606086_052026-O-camiseta-estilo-parodia-feminina-gato-yin-yang.webp | https://http2.mlstatic.com/D_NQ_NP_930035-MLB118069247089_092026-O-camiseta-estilo-parodia-feminina-gato-yin-yang.webp | https://http2.mlstatic.com/D_NQ_NP_934032-MLB116561474728_092026-O-camiseta-estilo-parodia-feminina-gato-yin-yang.webp | https://http2.mlstatic.com/D_Q_NP_2X_637437-MLB116266571686_092026-2X.webp | https://http2.mlstatic.com/D_Q_NP_2X_703073-MLB118068863409_092026-R-camiseta-estilo-parodia-feminina-gato-yin-yang.webp | https://http2.mlstatic.com/D_Q_NP_2X_811407-MLB118070491107_092026-R-camiseta-estilo-parodia-feminina-gato-yin-yang.webp | https://http2.mlstatic.com/D_Q_NP_2X_812311-MLB116267510036_092026-2X.webp | https://http2.mlstatic.com/D_Q_NP_2X_812311-MLB116267510036_092026-R-camiseta-estilo-parodia-feminina-gato-yin-yang.webp | https://http2.mlstatic.com/D_Q_NP_2X_814782-MLB116266921362_092026-2X.webp | https://http2.mlstatic.com/D_Q_NP_2X_865386-MLB111150606086_052026-R-camiseta-estilo-parodia-feminina-gato-yin-yang.webp | https://http2.mlstatic.com/D_Q_NP_2X_870680-MLB116267097686_092026-2X.webp | https://http2.mlstatic.com/D_Q_NP_2X_930035-MLB118069247089_092026-R-camiseta-estilo-parodia-feminina-gato-yin-yang.webp | https://http2.mlstatic.com/D_Q_NP_2X_934032-MLB116561474728_092026-R-camiseta-estilo-parodia-feminina-gato-yin-yang.webp | https://http2.mlstatic.com/storage/catalog-technical-specs/images/assets/vectorial/brand.svg | https://http2.mlstatic.com/storage/catalog-technical-specs/images/assets/vectorial/default.svg | https://http2.mlstatic.com/storage/logos-api-admin/00174300-571e-11e8-8364-bff51f08d440-m.svg | https://http2.mlstatic.com/storage/logos-api-admin/9cf818e0-723a-11f0-a459-cf21d0937aeb-m.svg | https://http2.mlstatic.com/storage/logos-api-admin/a5f047d0-9be0-11ec-aad4-c3381f368aaf-m.svg | https://http2.mlstatic.com/storage/logos-api-admin/b2c93a40-f3be-11eb-9984-b7076edb0bb7-m.svg | https://http2.mlstatic.com/storage/logos-api-admin/bb7c7bb0-adec-11f0-92e6-59fb0bcb38c2-m.svg | https://http2.mlstatic.com/storage/logos-api-admin/f3e8e940-f549-11ef-bad6-e9962bcd76e5-m.svg | https://http2.mlstatic.com/storage/logos-api-admin/f99fcca0-f3bd-11eb-9984-b7076edb0bb7-m.svg,5,{}
MLB6881529474,Camisetas Femininas Estilo Paródia Filtro Dos Sonhos,Camisetas e Regatas,86.0,"R$ 86,00",,,https://produto.mercadolivre.com.br/MLB-6881529474-camisetas-femininas-estilo-parodia-filtro-dos-sonhos-_JM?searchVariation=195735592854#polycard_client=search-desktop&searchVariation=195735592854&be_origin=backend&overlay_label=not_apply&search_layout=grid&position=16&type=item&tracking_id=c6038c79-2da7-4f1f-a180-52be4f4d3542&sid=search,https://http2.mlstatic.com/D_Q_NP_2X_670958-MLB117807140535_092026-E-camisetas-femininas-estilo-parodia-filtro-dos-sonhos.webp,Camisetas Femininas Estilo Paródia Filtro Dos Sonhos,"Camiseta feminina Estilo Paródia Filtro dos Sonhos, ideal para looks casuais no dia a dia. Tem caimento reto, gola redonda e manga curta, com uma proposta leve e versátil para momentos descontraídos.

Composição: 67% poliéster e 33% viscose. Uma peça com referência criativa e visual fácil de combinar com calças, saias ou bermudas.

* Nossa peça não tem acabamento na gola,barra e gola estilo Japonesa *",https://http2.mlstatic.com/D_NQ_NP_670958-MLB117807140535_092026-O-camisetas-femininas-estilo-parodia-filtro-dos-sonhos.webp | https://http2.mlstatic.com/D_NQ_NP_838528-MLB112581396113_062026-O-camisetas-femininas-estilo-parodia-filtro-dos-sonhos.webp | https://http2.mlstatic.com/D_Q_NP_2X_670958-MLB117807140535_092026-R-camisetas-femininas-estilo-parodia-filtro-dos-sonhos.webp | https://http2.mlstatic.com/D_Q_NP_2X_838528-MLB112581396113_062026-R-camisetas-femininas-estilo-parodia-filtro-dos-sonhos.webp | https://http2.mlstatic.com/storage/catalog-technical-specs/images/assets/vectorial/brand.svg | https://http2.mlstatic.com/storage/catalog-technical-specs/images/assets/vectorial/default.svg | https://http2.mlstatic.com/storage/logos-api-admin/00174300-571e-11e8-8364-bff51f08d440-m.svg | https://http2.mlstatic.com/storage/logos-api-admin/9cf818e0-723a-11f0-a459-cf21d0937aeb-m.svg | https://http2.mlstatic.com/storage/logos-api-admin/a5f047d0-9be0-11ec-aad4-c3381f368aaf-m.svg | https://http2.mlstatic.com/storage/logos-api-admin/b2c93a40-f3be-11eb-9984-b7076edb0bb7-m.svg | https://http2.mlstatic.com/storage/logos-api-admin/bb7c7bb0-adec-11f0-92e6-59fb0bcb38c2-m.svg | https://http2.mlstatic.com/storage/logos-api-admin/f3e8e940-f549-11ef-bad6-e9962bcd76e5-m.svg | https://http2.mlstatic.com/storage/logos-api-admin/f99fcca0-f3bd-11eb-9984-b7076edb0bb7-m.svg,5,{}
MLB6922840784,Camisetas Femininas Estilo Paródia Cidade,Camisetas e Regatas,86.0,"R$ 86,00",,,https://produto.mercadolivre.com.br/MLB-6922840784-camisetas-femininas-estilo-parodia-cidade-_JM?searchVariation=196153063248#polycard_client=search-desktop&searchVariation=196153063248&be_origin=backend&overlay_label=not_apply&search_layout=grid&position=17&type=item&tracking_id=c6038c79-2da7-4f1f-a180-52be4f4d3542&sid=search,https://http2.mlstatic.com/D_Q_NP_2X_752289-MLB117818760181_092026-E-camisetas-femininas-estilo-parodia-cidade.webp,Camisetas Femininas Estilo Paródia Cidade,"Camiseta feminina Estilo Paródia Piano, ideal para looks casuais no dia a dia. Tem caimento reto, gola redonda e manga curta, com uma proposta leve e versátil para momentos de lazer e produções descontraídas.

Composição: 67% poliéster e 33% viscose. Uma peça com referência criativa e visual fácil de combinar com calças, saias ou bermudas.

* Nossa peça não tem acabamento na gola,barra e gola estilo Japonesa *",https://http2.mlstatic.com/D_NQ_NP_617093-MLB118108286351_092026-O-camisetas-femininas-estilo-parodia-cidade.webp | https://http2.mlstatic.com/D_NQ_NP_733660-MLB118108051263_092026-O-camisetas-femininas-estilo-parodia-cidade.webp | https://http2.mlstatic.com/D_NQ_NP_752289-MLB117818760181_092026-O-camisetas-femininas-estilo-parodia-cidade.webp | https://http2.mlstatic.com/D_NQ_NP_760741-MLB118108080675_092026-O-camisetas-femininas-estilo-parodia-cidade.webp | https://http2.mlstatic.com/D_NQ_NP_841392-MLB118108346361_092026-O-camisetas-femininas-estilo-parodia-cidade.webp | https://http2.mlstatic.com/D_NQ_NP_961929-MLB112944940323_062026-O-camisetas-femininas-estilo-parodia-cidade.webp | https://http2.mlstatic.com/D_Q_NP_2X_617093-MLB118108286351_092026-R-camisetas-femininas-estilo-parodia-cidade.webp | https://http2.mlstatic.com/D_Q_NP_2X_733660-MLB118108051263_092026-R-camisetas-femininas-estilo-parodia-cidade.webp | https://http2.mlstatic.com/D_Q_NP_2X_752289-MLB117818760181_092026-R-camisetas-femininas-estilo-parodia-cidade.webp | https://http2.mlstatic.com/D_Q_NP_2X_760741-MLB118108080675_092026-R-camisetas-femininas-estilo-parodia-cidade.webp | https://http2.mlstatic.com/D_Q_NP_2X_841392-MLB118108346361_092026-R-camisetas-femininas-estilo-parodia-cidade.webp | https://http2.mlstatic.com/D_Q_NP_2X_961929-MLB112944940323_062026-R-camisetas-femininas-estilo-parodia-cidade.webp | https://http2.mlstatic.com/storage/catalog-technical-specs/images/assets/vectorial/brand.svg | https://http2.mlstatic.com/storage/catalog-technical-specs/images/assets/vectorial/default.svg | https://http2.mlstatic.com/storage/logos-api-admin/00174300-571e-11e8-8364-bff51f08d440-m.svg | https://http2.mlstatic.com/storage/logos-api-admin/9cf818e0-723a-11f0-a459-cf21d0937aeb-m.svg | https://http2.mlstatic.com/storage/logos-api-admin/a5f047d0-9be0-11ec-aad4-c3381f368aaf-m.svg | https://http2.mlstatic.com/storage/logos-api-admin/b2c93a40-f3be-11eb-9984-b7076edb0bb7-m.svg | https://http2.mlstatic.com/storage/logos-api-admin/bb7c7bb0-adec-11f0-92e6-59fb0bcb38c2-m.svg | https://http2.mlstatic.com/storage/logos-api-admin/f3e8e940-f549-11ef-bad6-e9962bcd76e5-m.svg | https://http2.mlstatic.com/storage/logos-api-admin/f99fcca0-f3bd-11eb-9984-b7076edb0bb7-m.svg,5,{}
MLB7025552160,Vestidos Estilo Paródia Ghandi,Vestidos,125.0,"R$ 125,00",5,"#0DA600, #000000",https://produto.mercadolivre.com.br/MLB-7025552160-vestidos-estilo-parodia-ghandi-_JM?searchVariation=196957967652#polycard_client=search-desktop&searchVariation=196957967652&be_origin=backend&overlay_label=not_apply&search_layout=grid&position=18&type=item&tracking_id=c6038c79-2da7-4f1f-a180-52be4f4d3542&sid=search,https://http2.mlstatic.com/D_Q_NP_2X_725702-MLB117820722839_092026-E-vestidos-estilo-parodia-ghandi.webp,Vestidos Estilo Paródia Ghandi,"Vestido Estilo Paródia Ghandi, modelo soltinho e casual, ideal para o dia a dia.

Confeccionado em tecido com 67% poliéster e 33% viscose, oferece conforto e leveza para diferentes ocasiões.

Detalhes do produto:
• Comprimento midi
• Gola redonda
• Sem mangas
• Modelagem solta
• Estilo casual

Composição: 67% poliéster e 33% viscose.

Disponível nas cores e tamanhos anunciados.

* Nossa peça não tem acabamento na gola,barra e gola estilo Japonesa *",https://http2.mlstatic.com/D_NQ_NP_607250-MLB113768830009_062026-O-vestidos-estilo-parodia-ghandi.webp | https://http2.mlstatic.com/D_NQ_NP_640931-MLB116600723332_092026-O-vestidos-estilo-parodia-ghandi.webp | https://http2.mlstatic.com/D_NQ_NP_725702-MLB117820722839_092026-O-vestidos-estilo-parodia-ghandi.webp | https://http2.mlstatic.com/D_NQ_NP_888124-MLA117878452223_092026-2X.jpg | https://http2.mlstatic.com/D_NQ_NP_982972-MLB118111293361_092026-O-vestidos-estilo-parodia-ghandi.webp | https://http2.mlstatic.com/D_NQ_NP_997357-MLB118110938169_092026-O-vestidos-estilo-parodia-ghandi.webp | https://http2.mlstatic.com/D_Q_NP_2X_607250-MLB113768830009_062026-R-vestidos-estilo-parodia-ghandi.webp | https://http2.mlstatic.com/D_Q_NP_2X_617045-MLB117820193369_092026-2X.webp | https://http2.mlstatic.com/D_Q_NP_2X_640931-MLB116600723332_092026-R-vestidos-estilo-parodia-ghandi.webp | https://http2.mlstatic.com/D_Q_NP_2X_725702-MLB117820722839_092026-2X.webp | https://http2.mlstatic.com/D_Q_NP_2X_725702-MLB117820722839_092026-R-vestidos-estilo-parodia-ghandi.webp | https://http2.mlstatic.com/D_Q_NP_2X_777882-MLB117820843779_092026-2X.webp | https://http2.mlstatic.com/D_Q_NP_2X_786853-MLB117821610947_092026-2X.webp | https://http2.mlstatic.com/D_Q_NP_2X_804531-MLB117821105321_092026-2X.webp | https://http2.mlstatic.com/D_Q_NP_2X_982972-MLB118111293361_092026-R-vestidos-estilo-parodia-ghandi.webp | https://http2.mlstatic.com/D_Q_NP_2X_997357-MLB118110938169_092026-R-vestidos-estilo-parodia-ghandi.webp | https://http2.mlstatic.com/storage/catalog-technical-specs/images/assets/vectorial/brand.svg | https://http2.mlstatic.com/storage/catalog-technical-specs/images/assets/vectorial/default.svg | https://http2.mlstatic.com/storage/catalog-technical-specs/images/assets/vectorial/occasions.svg | https://http2.mlstatic.com/storage/catalog-technical-specs/images/assets/vectorial/release_season.svg | https://http2.mlstatic.com/storage/logos-api-admin/00174300-571e-11e8-8364-bff51f08d440-m.svg | https://http2.mlstatic.com/storage/logos-api-admin/9cf818e0-723a-11f0-a459-cf21d0937aeb-m.svg | https://http2.mlstatic.com/storage/logos-api-admin/a5f047d0-9be0-11ec-aad4-c3381f368aaf-m.svg | https://http2.mlstatic.com/storage/logos-api-admin/b2c93a40-f3be-11eb-9984-b7076edb0bb7-m.svg | https://http2.mlstatic.com/storage/logos-api-admin/bb7c7bb0-adec-11f0-92e6-59fb0bcb38c2-m.svg | https://http2.mlstatic.com/storage/logos-api-admin/f3e8e940-f549-11ef-bad6-e9962bcd76e5-m.svg | https://http2.mlstatic.com/storage/logos-api-admin/f99fcca0-f3bd-11eb-9984-b7076edb0bb7-m.svg,5,{}
MLB6928296364,Camisetas Femininas Estilo Paródia Gandhi,Camisetas e Regatas,86.0,"R$ 86,00",,"#FFFFFF, #A0522D",https://produto.mercadolivre.com.br/MLB-6928296364-camisetas-femininas-estilo-parodia-gandhi-_JM?searchVariation=203577754827#polycard_client=search-desktop&searchVariation=203577754827&be_origin=backend&overlay_label=not_apply&search_layout=grid&position=19&type=item&tracking_id=c6038c79-2da7-4f1f-a180-52be4f4d3542&sid=search,https://http2.mlstatic.com/D_Q_NP_2X_784310-MLB118108288883_092026-E-camisetas-femininas-estilo-parodia-gandhi.webp,Camisetas Femininas Estilo Paródia Gandhi,"Camiseta feminina Estilo Paródia Gandhi Boxeador, ideal para looks casuais no dia a dia. Tem caimento reto, gola redonda e manga curta, com uma proposta leve e versátil para momentos de lazer e produções descontraídas.

Composição: 67% poliéster e 33% viscose. Uma peça com referência criativa e visual fácil de combinar com calças, saias ou bermudas.

* Nossa peça não tem acabamento na gola,barra e gola estilo Japonesa *",https://http2.mlstatic.com/D_NQ_NP_653075-MLB118107790565_092026-O-camisetas-femininas-estilo-parodia-gandhi.webp | https://http2.mlstatic.com/D_NQ_NP_691466-MLB118108200511_092026-O-camisetas-femininas-estilo-parodia-gandhi.webp | https://http2.mlstatic.com/D_NQ_NP_696734-MLB115043157822_082026-O-camisetas-femininas-estilo-parodia-gandhi.webp | https://http2.mlstatic.com/D_NQ_NP_784310-MLB118108288883_092026-O-camisetas-femininas-estilo-parodia-gandhi.webp | https://http2.mlstatic.com/D_NQ_NP_858755-MLB118108289127_092026-O-camisetas-femininas-estilo-parodia-gandhi.webp | https://http2.mlstatic.com/D_NQ_NP_925809-MLA117666430517_092026-2X.jpg | https://http2.mlstatic.com/D_Q_NP_2X_653075-MLB118107790565_092026-R-camisetas-femininas-estilo-parodia-gandhi.webp | https://http2.mlstatic.com/D_Q_NP_2X_691466-MLB118108200511_092026-R-camisetas-femininas-estilo-parodia-gandhi.webp | https://http2.mlstatic.com/D_Q_NP_2X_696734-MLB115043157822_082026-R-camisetas-femininas-estilo-parodia-gandhi.webp | https://http2.mlstatic.com/D_Q_NP_2X_784310-MLB118108288883_092026-2X.webp | https://http2.mlstatic.com/D_Q_NP_2X_784310-MLB118108288883_092026-R-camisetas-femininas-estilo-parodia-gandhi.webp | https://http2.mlstatic.com/D_Q_NP_2X_858755-MLB118108289127_092026-R-camisetas-femininas-estilo-parodia-gandhi.webp | https://http2.mlstatic.com/D_Q_NP_2X_874481-MLB116323284024_092026-2X.webp | https://http2.mlstatic.com/D_Q_NP_2X_981626-MLB117817997471_092026-2X.webp | https://http2.mlstatic.com/storage/catalog-technical-specs/images/assets/vectorial/brand.svg | https://http2.mlstatic.com/storage/catalog-technical-specs/images/assets/vectorial/default.svg | https://http2.mlstatic.com/storage/logos-api-admin/00174300-571e-11e8-8364-bff51f08d440-m.svg | https://http2.mlstatic.com/storage/logos-api-admin/9cf818e0-723a-11f0-a459-cf21d0937aeb-m.svg | https://http2.mlstatic.com/storage/logos-api-admin/a5f047d0-9be0-11ec-aad4-c3381f368aaf-m.svg | https://http2.mlstatic.com/storage/logos-api-admin/b2c93a40-f3be-11eb-9984-b7076edb0bb7-m.svg | https://http2.mlstatic.com/storage/logos-api-admin/bb7c7bb0-adec-11f0-92e6-59fb0bcb38c2-m.svg | https://http2.mlstatic.com/storage/logos-api-admin/f3e8e940-f549-11ef-bad6-e9962bcd76e5-m.svg | https://http2.mlstatic.com/storage/logos-api-admin/f99fcca0-f3bd-11eb-9984-b7076edb0bb7-m.svg,5,{}
MLB4726493927,Camisetas Femininas Estilo Paródia Balões,Camisetas e Regatas,86.0,"R$ 86,00",,,https://produto.mercadolivre.com.br/MLB-4726493927-camisetas-femininas-estilo-parodia-baloes-_JM?searchVariation=203044200401#polycard_client=search-desktop&searchVariation=203044200401&be_origin=backend&overlay_label=not_apply&search_layout=grid&position=20&type=item&tracking_id=c6038c79-2da7-4f1f-a180-52be4f4d3542&sid=search,https://http2.mlstatic.com/D_Q_NP_2X_948391-MLB116268522802_092026-E-camisetas-femininas-estilo-parodia-baloes.webp,Camisetas Femininas Estilo Paródia Balões,"Camiseta feminina Estilo Paródia Balões, ideal para looks casuais no dia a dia. Tem gola redonda e manga curta, com uma proposta leve e versátil para momentos de lazer e produções descontraídas.

Composição: 67% poliéster e 33% viscose. Uma peça com referência criativa e visual fácil de combinar com calças, saias ou bermudas.

* Nossa peça não possui acabamento na gola,barra e manga estilo Japonesa *",https://http2.mlstatic.com/D_NQ_NP_742579-MLB118073206897_092026-O-camisetas-femininas-estilo-parodia-baloes.webp | https://http2.mlstatic.com/D_NQ_NP_781581-MLB118074064425_092026-O-camisetas-femininas-estilo-parodia-baloes.webp | https://http2.mlstatic.com/D_NQ_NP_806238-MLB116564427514_092026-O-camisetas-femininas-estilo-parodia-baloes.webp | https://http2.mlstatic.com/D_NQ_NP_829934-MLB116564630648_092026-O-camisetas-femininas-estilo-parodia-baloes.webp | https://http2.mlstatic.com/D_NQ_NP_948391-MLB116268522802_092026-O-camisetas-femininas-estilo-parodia-baloes.webp | https://http2.mlstatic.com/D_NQ_NP_951363-MLB111553982212_062026-O-camisetas-femininas-estilo-parodia-baloes.webp | https://http2.mlstatic.com/D_Q_NP_2X_742579-MLB118073206897_092026-R-camisetas-femininas-estilo-parodia-baloes.webp | https://http2.mlstatic.com/D_Q_NP_2X_781581-MLB118074064425_092026-R-camisetas-femininas-estilo-parodia-baloes.webp | https://http2.mlstatic.com/D_Q_NP_2X_806238-MLB116564427514_092026-R-camisetas-femininas-estilo-parodia-baloes.webp | https://http2.mlstatic.com/D_Q_NP_2X_829934-MLB116564630648_092026-R-camisetas-femininas-estilo-parodia-baloes.webp | https://http2.mlstatic.com/D_Q_NP_2X_948391-MLB116268522802_092026-R-camisetas-femininas-estilo-parodia-baloes.webp | https://http2.mlstatic.com/D_Q_NP_2X_951363-MLB111553982212_062026-R-camisetas-femininas-estilo-parodia-baloes.webp | https://http2.mlstatic.com/storage/catalog-technical-specs/images/assets/vectorial/brand.svg | https://http2.mlstatic.com/storage/catalog-technical-specs/images/assets/vectorial/default.svg | https://http2.mlstatic.com/storage/logos-api-admin/00174300-571e-11e8-8364-bff51f08d440-m.svg | https://http2.mlstatic.com/storage/logos-api-admin/9cf818e0-723a-11f0-a459-cf21d0937aeb-m.svg | https://http2.mlstatic.com/storage/logos-api-admin/a5f047d0-9be0-11ec-aad4-c3381f368aaf-m.svg | https://http2.mlstatic.com/storage/logos-api-admin/b2c93a40-f3be-11eb-9984-b7076edb0bb7-m.svg | https://http2.mlstatic.com/storage/logos-api-admin/bb7c7bb0-adec-11f0-92e6-59fb0bcb38c2-m.svg | https://http2.mlstatic.com/storage/logos-api-admin/f3e8e940-f549-11ef-bad6-e9962bcd76e5-m.svg | https://http2.mlstatic.com/storage/logos-api-admin/f99fcca0-f3bd-11eb-9984-b7076edb0bb7-m.svg,5,{}
MLB4814818957,Vestidos Estilo Paródia Converse,Vestidos,125.0,"R$ 125,00",,"#FFFFFF, #000000",https://produto.mercadolivre.com.br/MLB-4814818957-vestidos-estilo-parodia-converse-_JM?searchVariation=197058338216#polycard_client=search-desktop&searchVariation=197058338216&be_origin=backend&overlay_label=not_apply&search_layout=grid&position=21&type=item&tracking_id=c6038c79-2da7-4f1f-a180-52be4f4d3542&sid=search,https://http2.mlstatic.com/D_Q_NP_2X_765702-MLB116596314078_092026-E-vestidos-estilo-parodia-converse.webp,Vestidos Estilo Parodia Converse,"O Vestido Estilo Paródia Converse foi pensado para quem busca uma peça casual com personalidade e visual marcante. Com proposta feminina e voltada para adultas, ele combina um caimento amplo com comprimento longo, criando uma presença leve e descomplicada para diferentes momentos do dia.

A modelagem solta favorece liberdade de movimento e um uso confortável em rotinas mais informais. Sem mangas e com gola redonda, a peça entrega um acabamento simples e fácil de coordenar com tênis, sandálias ou acessórios do seu estilo.

Confeccionado em poliéster, o tecido ajuda a manter uma aparência uniforme e prática para o uso frequente. Por ter uma proposta de primavera e verão, funciona bem em dias mais quentes e em ocasiões em que vale priorizar leveza e praticidade.

O visual inspirado no modelo all star acrescenta um toque jovem e descontraído ao look. É uma escolha interessante para passeios, encontros informais, saídas de fim de semana e produções que pedem um ponto de destaque sem perder a versatilidade.

Por reunir estilo casual, caimento amplo e comprimento longo, esta peça se adapta com facilidade a composições do dia a dia. A proposta não esportiva reforça seu uso em contextos urbanos e descontraídos, com foco em aparência moderna e uso simples.

Uma opção funcional para quem quer unir referência visual, leveza e praticidade em uma única peça.

* Nossa peça não tem acabamento na gola,barra e gola estilo Japonesa *",https://http2.mlstatic.com/D_NQ_NP_668954-MLB116596314248_092026-O-vestidos-estilo-parodia-converse.webp | https://http2.mlstatic.com/D_NQ_NP_765702-MLB116596314078_092026-O-vestidos-estilo-parodia-converse.webp | https://http2.mlstatic.com/D_NQ_NP_799443-MLB112992192130_072026-O-vestidos-estilo-parodia-converse.webp | https://http2.mlstatic.com/D_NQ_NP_904172-MLA116177174188_092026-2X.jpg | https://http2.mlstatic.com/D_NQ_NP_918880-MLB116596550094_092026-O-vestidos-estilo-parodia-converse.webp | https://http2.mlstatic.com/D_NQ_NP_950221-MLB112992161594_072026-O-vestidos-estilo-parodia-converse.webp | https://http2.mlstatic.com/D_Q_NP_2X_668954-MLB116596314248_092026-R-vestidos-estilo-parodia-converse.webp | https://http2.mlstatic.com/D_Q_NP_2X_765702-MLB116596314078_092026-2X.webp | https://http2.mlstatic.com/D_Q_NP_2X_765702-MLB116596314078_092026-R-vestidos-estilo-parodia-converse.webp | https://http2.mlstatic.com/D_Q_NP_2X_799443-MLB112992192130_072026-R-vestidos-estilo-parodia-converse.webp | https://http2.mlstatic.com/D_Q_NP_2X_918880-MLB116596550094_092026-R-vestidos-estilo-parodia-converse.webp | https://http2.mlstatic.com/D_Q_NP_2X_919872-MLB116596051906_092026-2X.webp | https://http2.mlstatic.com/D_Q_NP_2X_950221-MLB112992161594_072026-R-vestidos-estilo-parodia-converse.webp | https://http2.mlstatic.com/storage/catalog-technical-specs/images/assets/vectorial/brand.svg | https://http2.mlstatic.com/storage/catalog-technical-specs/images/assets/vectorial/default.svg | https://http2.mlstatic.com/storage/catalog-technical-specs/images/assets/vectorial/main_material.svg | https://http2.mlstatic.com/storage/catalog-technical-specs/images/assets/vectorial/occasions.svg | https://http2.mlstatic.com/storage/catalog-technical-specs/images/assets/vectorial/release_season.svg | https://http2.mlstatic.com/storage/logos-api-admin/00174300-571e-11e8-8364-bff51f08d440-m.svg | https://http2.mlstatic.com/storage/logos-api-admin/9cf818e0-723a-11f0-a459-cf21d0937aeb-m.svg | https://http2.mlstatic.com/storage/logos-api-admin/a5f047d0-9be0-11ec-aad4-c3381f368aaf-m.svg | https://http2.mlstatic.com/storage/logos-api-admin/b2c93a40-f3be-11eb-9984-b7076edb0bb7-m.svg | https://http2.mlstatic.com/storage/logos-api-admin/bb7c7bb0-adec-11f0-92e6-59fb0bcb38c2-m.svg | https://http2.mlstatic.com/storage/logos-api-admin/f3e8e940-f549-11ef-bad6-e9962bcd76e5-m.svg | https://http2.mlstatic.com/storage/logos-api-admin/f99fcca0-f3bd-11eb-9984-b7076edb0bb7-m.svg,5,{}
MLB6833436300,Estilo Paródia / Camiseta Feminina Gaiola,Camisetas e Regatas,86.0,"R$ 86,00",,"#0DA600, #000000, #A0522D",https://produto.mercadolivre.com.br/MLB-6833436300-estilo-parodia-camiseta-feminina-gaiola-_JM?searchVariation=202590923073#polycard_client=search-desktop&searchVariation=202590923073&be_origin=backend&overlay_label=not_apply&search_layout=grid&position=22&type=item&tracking_id=c6038c79-2da7-4f1f-a180-52be4f4d3542&sid=search,https://http2.mlstatic.com/D_Q_NP_2X_682296-MLB116312185756_092026-E-estilo-parodia-camiseta-feminina-gaiola.webp,Estilo Paródia / Camiseta Feminina Gaiola,"Camiseta feminina Estilo Paródia Gaiola, ideal para looks casuais no dia a dia. Tem caimento reto, gola redonda e manga curta, com uma proposta leve e versátil para passeios e momentos descontraídos.

Composição: 67% poliéster e 33% viscose. Uma peça com referência criativa e visual fácil de combinar com calças, saias ou bermudas.

* Nossa peça não tem acabamento na gola,barra e gola estilo Japonesa *",https://http2.mlstatic.com/D_NQ_NP_674949-MLB111150603788_052026-O-estilo-parodia-camiseta-feminina-gaiola.webp | https://http2.mlstatic.com/D_NQ_NP_682296-MLB116312185756_092026-O-estilo-parodia-camiseta-feminina-gaiola.webp | https://http2.mlstatic.com/D_NQ_NP_748615-MLB116596587532_092026-O-estilo-parodia-camiseta-feminina-gaiola.webp | https://http2.mlstatic.com/D_NQ_NP_846640-MLA115909771302_092026-2X.jpg | https://http2.mlstatic.com/D_NQ_NP_930466-MLB116596587392_092026-O-estilo-parodia-camiseta-feminina-gaiola.webp | https://http2.mlstatic.com/D_NQ_NP_932478-MLB116596058694_092026-O-estilo-parodia-camiseta-feminina-gaiola.webp | https://http2.mlstatic.com/D_NQ_NP_952374-MLB116596469402_092026-O-estilo-parodia-camiseta-feminina-gaiola.webp | https://http2.mlstatic.com/D_Q_NP_2X_608607-MLB117807000263_092026-2X.webp | https://http2.mlstatic.com/D_Q_NP_2X_674949-MLB111150603788_052026-R-estilo-parodia-camiseta-feminina-gaiola.webp | https://http2.mlstatic.com/D_Q_NP_2X_682296-MLB116312185756_092026-2X.webp | https://http2.mlstatic.com/D_Q_NP_2X_682296-MLB116312185756_092026-R-estilo-parodia-camiseta-feminina-gaiola.webp | https://http2.mlstatic.com/D_Q_NP_2X_748615-MLB116596587532_092026-R-estilo-parodia-camiseta-feminina-gaiola.webp | https://http2.mlstatic.com/D_Q_NP_2X_802483-MLB116311504640_092026-2X.webp | https://http2.mlstatic.com/D_Q_NP_2X_828952-MLB116311506534_092026-2X.webp | https://http2.mlstatic.com/D_Q_NP_2X_930466-MLB116596587392_092026-R-estilo-parodia-camiseta-feminina-gaiola.webp | https://http2.mlstatic.com/D_Q_NP_2X_932478-MLB116596058694_092026-R-estilo-parodia-camiseta-feminina-gaiola.webp | https://http2.mlstatic.com/D_Q_NP_2X_952374-MLB116596469402_092026-R-estilo-parodia-camiseta-feminina-gaiola.webp | https://http2.mlstatic.com/storage/catalog-technical-specs/images/assets/vectorial/brand.svg | https://http2.mlstatic.com/storage/catalog-technical-specs/images/assets/vectorial/default.svg | https://http2.mlstatic.com/storage/logos-api-admin/00174300-571e-11e8-8364-bff51f08d440-m.svg | https://http2.mlstatic.com/storage/logos-api-admin/9cf818e0-723a-11f0-a459-cf21d0937aeb-m.svg | https://http2.mlstatic.com/storage/logos-api-admin/a5f047d0-9be0-11ec-aad4-c3381f368aaf-m.svg | https://http2.mlstatic.com/storage/logos-api-admin/b2c93a40-f3be-11eb-9984-b7076edb0bb7-m.svg | https://http2.mlstatic.com/storage/logos-api-admin/bb7c7bb0-adec-11f0-92e6-59fb0bcb38c2-m.svg | https://http2.mlstatic.com/storage/logos-api-admin/f3e8e940-f549-11ef-bad6-e9962bcd76e5-m.svg | https://http2.mlstatic.com/storage/logos-api-admin/f99fcca0-f3bd-11eb-9984-b7076edb0bb7-m.svg,5,{}
MLB6872567608,Camisetas Femininas Estilo Paródia Chico,Camisetas e Regatas,90.0,"R$ 90,00",,,https://produto.mercadolivre.com.br/MLB-6872567608-camisetas-femininas-estilo-parodia-chico-_JM?searchVariation=203043188409#polycard_client=search-desktop&searchVariation=203043188409&be_origin=backend&overlay_label=not_apply&search_layout=grid&position=23&type=item&tracking_id=c6038c79-2da7-4f1f-a180-52be4f4d3542&sid=search,https://http2.mlstatic.com/D_Q_NP_2X_931003-MLB116673122608_092026-E-camisetas-femininas-estilo-parodia-chico.webp,Camisetas Femininas Estilo Parodia Chico,,https://http2.mlstatic.com/D_NQ_NP_696450-MLB116672799788_092026-O-camisetas-femininas-estilo-parodia-chico.webp | https://http2.mlstatic.com/D_NQ_NP_915175-MLB118190841391_092026-O-camisetas-femininas-estilo-parodia-chico.webp | https://http2.mlstatic.com/D_NQ_NP_919372-MLB116430472207_082026-O-camisetas-femininas-estilo-parodia-chico.webp | https://http2.mlstatic.com/D_NQ_NP_931003-MLB116673122608_092026-O-camisetas-femininas-estilo-parodia-chico.webp | https://http2.mlstatic.com/D_Q_NP_2X_696450-MLB116672799788_092026-R-camisetas-femininas-estilo-parodia-chico.webp | https://http2.mlstatic.com/D_Q_NP_2X_915175-MLB118190841391_092026-R-camisetas-femininas-estilo-parodia-chico.webp | https://http2.mlstatic.com/D_Q_NP_2X_919372-MLB116430472207_082026-R-camisetas-femininas-estilo-parodia-chico.webp | https://http2.mlstatic.com/D_Q_NP_2X_931003-MLB116673122608_092026-R-camisetas-femininas-estilo-parodia-chico.webp | https://http2.mlstatic.com/storage/catalog-technical-specs/images/assets/vectorial/brand.svg | https://http2.mlstatic.com/storage/catalog-technical-specs/images/assets/vectorial/default.svg | https://http2.mlstatic.com/storage/logos-api-admin/00174300-571e-11e8-8364-bff51f08d440-m.svg | https://http2.mlstatic.com/storage/logos-api-admin/9cf818e0-723a-11f0-a459-cf21d0937aeb-m.svg | https://http2.mlstatic.com/storage/logos-api-admin/a5f047d0-9be0-11ec-aad4-c3381f368aaf-m.svg | https://http2.mlstatic.com/storage/logos-api-admin/b2c93a40-f3be-11eb-9984-b7076edb0bb7-m.svg | https://http2.mlstatic.com/storage/logos-api-admin/bb7c7bb0-adec-11f0-92e6-59fb0bcb38c2-m.svg | https://http2.mlstatic.com/storage/logos-api-admin/f3e8e940-f549-11ef-bad6-e9962bcd76e5-m.svg | https://http2.mlstatic.com/storage/logos-api-admin/f99fcca0-f3bd-11eb-9984-b7076edb0bb7-m.svg,5,{}
MLB4728779527,Camisetas Femininas Estilo Paródia Caveiras,Camisetas e Regatas,86.0,"R$ 86,00",2,,https://produto.mercadolivre.com.br/MLB-4728779527-camisetas-femininas-estilo-parodia-caveiras-_JM?searchVariation=203106402015#polycard_client=search-desktop&searchVariation=203106402015&be_origin=backend&overlay_label=not_apply&search_layout=grid&position=24&type=item&tracking_id=c6038c79-2da7-4f1f-a180-52be4f4d3542&sid=search,https://http2.mlstatic.com/D_Q_NP_2X_983166-MLB116269885510_092026-E-camisetas-femininas-estilo-parodia-caveiras.webp,Camisetas Femininas Estilo Paródia Caveiras,"Camiseta feminina Estilo Paródia Abacaxi e Caveiras, ideal para looks casuais no dia a dia. Tem caimento reto, gola redonda e manga curta, com uma proposta leve e versátil para momentos de lazer e produções descontraídas.

Composição: 67% poliéster e 33% viscose. Uma peça com referência criativa e visual fácil de combinar com calças, saias ou bermudas.

* Nossa peça não possui acabamento na gola,barra e manga estilo Japonesa *",https://http2.mlstatic.com/D_NQ_NP_738795-MLB116564778272_092026-O-camisetas-femininas-estilo-parodia-caveiras.webp | https://http2.mlstatic.com/D_NQ_NP_749366-MLB118073356309_092026-O-camisetas-femininas-estilo-parodia-caveiras.webp | https://http2.mlstatic.com/D_NQ_NP_861336-MLB116564690754_092026-O-camisetas-femininas-estilo-parodia-caveiras.webp | https://http2.mlstatic.com/D_NQ_NP_911188-MLB112581051513_062026-O-camisetas-femininas-estilo-parodia-caveiras.webp | https://http2.mlstatic.com/D_NQ_NP_972798-MLB116564778560_092026-O-camisetas-femininas-estilo-parodia-caveiras.webp | https://http2.mlstatic.com/D_NQ_NP_983166-MLB116269885510_092026-O-camisetas-femininas-estilo-parodia-caveiras.webp | https://http2.mlstatic.com/D_Q_NP_2X_690411-MLB117760756445_092026-2X.webp | https://http2.mlstatic.com/D_Q_NP_2X_738795-MLB116564778272_092026-R-camisetas-femininas-estilo-parodia-caveiras.webp | https://http2.mlstatic.com/D_Q_NP_2X_749366-MLB118073356309_092026-R-camisetas-femininas-estilo-parodia-caveiras.webp | https://http2.mlstatic.com/D_Q_NP_2X_861336-MLB116564690754_092026-R-camisetas-femininas-estilo-parodia-caveiras.webp | https://http2.mlstatic.com/D_Q_NP_2X_911188-MLB112581051513_062026-R-camisetas-femininas-estilo-parodia-caveiras.webp | https://http2.mlstatic.com/D_Q_NP_2X_972798-MLB116564778560_092026-R-camisetas-femininas-estilo-parodia-caveiras.webp | https://http2.mlstatic.com/D_Q_NP_2X_983166-MLB116269885510_092026-2X.webp | https://http2.mlstatic.com/D_Q_NP_2X_983166-MLB116269885510_092026-R-camisetas-femininas-estilo-parodia-caveiras.webp | https://http2.mlstatic.com/storage/catalog-technical-specs/images/assets/vectorial/brand.svg | https://http2.mlstatic.com/storage/catalog-technical-specs/images/assets/vectorial/default.svg | https://http2.mlstatic.com/storage/logos-api-admin/00174300-571e-11e8-8364-bff51f08d440-m.svg | https://http2.mlstatic.com/storage/logos-api-admin/9cf818e0-723a-11f0-a459-cf21d0937aeb-m.svg | https://http2.mlstatic.com/storage/logos-api-admin/a5f047d0-9be0-11ec-aad4-c3381f368aaf-m.svg | https://http2.mlstatic.com/storage/logos-api-admin/b2c93a40-f3be-11eb-9984-b7076edb0bb7-m.svg | https://http2.mlstatic.com/storage/logos-api-admin/bb7c7bb0-adec-11f0-92e6-59fb0bcb38c2-m.svg | https://http2.mlstatic.com/storage/logos-api-admin/f3e8e940-f549-11ef-bad6-e9962bcd76e5-m.svg | https://http2.mlstatic.com/storage/logos-api-admin/f99fcca0-f3bd-11eb-9984-b7076edb0bb7-m.svg,5,{}
MLB4811209085,Vestidos Estilo Paródia Mafrida,Vestidos,125.0,"R$ 125,00",6,"#FFFFFF, #A0522D",https://produto.mercadolivre.com.br/MLB-4811209085-vestidos-estilo-parodia-mafrida-_JM?searchVariation=204477774267#polycard_client=search-desktop&searchVariation=204477774267&be_origin=backend&overlay_label=not_apply&search_layout=grid&position=25&type=item&tracking_id=c6038c79-2da7-4f1f-a180-52be4f4d3542&sid=search,https://http2.mlstatic.com/D_Q_NP_2X_786276-MLB118074530287_092026-E-vestidos-estilo-parodia-mafrida.webp,Vestidos Estilo Paródia Mafrida,"Vestido Estilo Paródia Mafrida, com modelagem solta e comprimento midi. Tem manga curta e gola canoa, com visual casual e feminino para o dia a dia.

Composição: 67% poliéster e 33% viscose. Uma peça versátil para compor produções leves e descontraídas.

* Nossa peça não tem acabamento na gola,barra e gola estilo Japonesa *",https://http2.mlstatic.com/D_NQ_NP_644289-MLB116566221248_092026-O-vestidos-estilo-parodia-mafrida.webp | https://http2.mlstatic.com/D_NQ_NP_705487-MLA116058672706_092026-2X.jpg | https://http2.mlstatic.com/D_NQ_NP_786276-MLB118074530287_092026-O-vestidos-estilo-parodia-mafrida.webp | https://http2.mlstatic.com/D_NQ_NP_855490-MLB116565575786_092026-O-vestidos-estilo-parodia-mafrida.webp | https://http2.mlstatic.com/D_NQ_NP_900991-MLB116565812880_092026-O-vestidos-estilo-parodia-mafrida.webp | https://http2.mlstatic.com/D_NQ_NP_929145-MLB113815740473_062026-O-vestidos-estilo-parodia-mafrida.webp | https://http2.mlstatic.com/D_Q_NP_2X_636062-MLB118075975711_092026-2X.webp | https://http2.mlstatic.com/D_Q_NP_2X_644289-MLB116566221248_092026-R-vestidos-estilo-parodia-mafrida.webp | https://http2.mlstatic.com/D_Q_NP_2X_691986-MLB116565519436_092026-2X.webp | https://http2.mlstatic.com/D_Q_NP_2X_720174-MLB118075975919_092026-2X.webp | https://http2.mlstatic.com/D_Q_NP_2X_786276-MLB118074530287_092026-2X.webp | https://http2.mlstatic.com/D_Q_NP_2X_786276-MLB118074530287_092026-R-vestidos-estilo-parodia-mafrida.webp | https://http2.mlstatic.com/D_Q_NP_2X_855490-MLB116565575786_092026-R-vestidos-estilo-parodia-mafrida.webp | https://http2.mlstatic.com/D_Q_NP_2X_897938-MLB116566222922_092026-2X.webp | https://http2.mlstatic.com/D_Q_NP_2X_900991-MLB116565812880_092026-R-vestidos-estilo-parodia-mafrida.webp | https://http2.mlstatic.com/D_Q_NP_2X_929145-MLB113815740473_062026-R-vestidos-estilo-parodia-mafrida.webp | https://http2.mlstatic.com/D_Q_NP_2X_947355-MLB118074531731_092026-2X.webp | https://http2.mlstatic.com/storage/catalog-technical-specs/images/assets/vectorial/brand.svg | https://http2.mlstatic.com/storage/catalog-technical-specs/images/assets/vectorial/default.svg | https://http2.mlstatic.com/storage/catalog-technical-specs/images/assets/vectorial/occasions.svg | https://http2.mlstatic.com/storage/catalog-technical-specs/images/assets/vectorial/release_season.svg | https://http2.mlstatic.com/storage/logos-api-admin/00174300-571e-11e8-8364-bff51f08d440-m.svg | https://http2.mlstatic.com/storage/logos-api-admin/9cf818e0-723a-11f0-a459-cf21d0937aeb-m.svg | https://http2.mlstatic.com/storage/logos-api-admin/a5f047d0-9be0-11ec-aad4-c3381f368aaf-m.svg | https://http2.mlstatic.com/storage/logos-api-admin/b2c93a40-f3be-11eb-9984-b7076edb0bb7-m.svg | https://http2.mlstatic.com/storage/logos-api-admin/bb7c7bb0-adec-11f0-92e6-59fb0bcb38c2-m.svg | https://http2.mlstatic.com/storage/logos-api-admin/f3e8e940-f549-11ef-bad6-e9962bcd76e5-m.svg | https://http2.mlstatic.com/storage/logos-api-admin/f99fcca0-f3bd-11eb-9984-b7076edb0bb7-m.svg,5,{}
MLB7037584046,Vestidos Estilo Paródia Dom Quixote,Vestidos,125.0,"R$ 125,00",,,https://produto.mercadolivre.com.br/MLB-7037584046-vestidos-estilo-parodia-dom-quixote-_JM?searchVariation=197058420158#polycard_client=search-desktop&searchVariation=197058420158&be_origin=backend&overlay_label=not_apply&search_layout=grid&position=26&type=item&tracking_id=c6038c79-2da7-4f1f-a180-52be4f4d3542&sid=search,https://http2.mlstatic.com/D_Q_NP_2X_772614-MLB117822446303_092026-E-vestidos-estilo-parodia-dom-quixote.webp,Vestidos Estilo Parodia Dom Quixote,"O Vestido Estilo Parodia Dom Quixote traz uma proposta cheia de personalidade para quem gosta de peças com referência cultural e visual marcante. Com caimento solto e comprimento midi, oferece conforto e liberdade para acompanhar a rotina com um toque diferenciado.

A gola canoa valoriza a parte superior com acabamento discreto, enquanto a manga curta deixa a peça leve para uso em dias amenos ou em ambientes internos. O resultado é um visual equilibrado, fácil de combinar com acessórios e calçados de diferentes estilos.

Por ter estilo casual, o vestido funciona bem em saídas do dia a dia, encontros e ocasiões descontraídas que pedem presença sem exagero. A inspiração em Dom Quixote acrescenta um ar temático sutil, ideal para quem busca uma roupa com identidade própria.

Pensado para pessoas adultas, ele se adapta bem a quem procura uma opção feminina, confortável e com leitura mais solta no corpo. A proposta atemporal reforça sua utilidade em diferentes momentos, sem depender de tendência passageira.

É uma escolha interessante para quem deseja unir praticidade, estilo e um acabamento visual que foge do básico, mantendo uma aparência elegante e descomplicada.

* Nossa peça não tem acabamento na gola,barra e gola estilo Japonesa *

Garantia do vendedor: 30 dias",https://http2.mlstatic.com/D_NQ_NP_602990-MLB116602168252_092026-O-vestidos-estilo-parodia-dom-quixote.webp | https://http2.mlstatic.com/D_NQ_NP_623753-MLB116602464202_092026-O-vestidos-estilo-parodia-dom-quixote.webp | https://http2.mlstatic.com/D_NQ_NP_722449-MLB116601725618_092026-O-vestidos-estilo-parodia-dom-quixote.webp | https://http2.mlstatic.com/D_NQ_NP_772614-MLB117822446303_092026-O-vestidos-estilo-parodia-dom-quixote.webp | https://http2.mlstatic.com/D_NQ_NP_878995-MLB118113504825_092026-O-vestidos-estilo-parodia-dom-quixote.webp | https://http2.mlstatic.com/D_NQ_NP_963027-MLB113772469875_062026-O-vestidos-estilo-parodia-dom-quixote.webp | https://http2.mlstatic.com/D_NQ_NP_976810-MLA115906730840_092026-2X.jpg | https://http2.mlstatic.com/D_Q_NP_2X_602990-MLB116602168252_092026-R-vestidos-estilo-parodia-dom-quixote.webp | https://http2.mlstatic.com/D_Q_NP_2X_623753-MLB116602464202_092026-R-vestidos-estilo-parodia-dom-quixote.webp | https://http2.mlstatic.com/D_Q_NP_2X_722449-MLB116601725618_092026-R-vestidos-estilo-parodia-dom-quixote.webp | https://http2.mlstatic.com/D_Q_NP_2X_772614-MLB117822446303_092026-R-vestidos-estilo-parodia-dom-quixote.webp | https://http2.mlstatic.com/D_Q_NP_2X_878995-MLB118113504825_092026-R-vestidos-estilo-parodia-dom-quixote.webp | https://http2.mlstatic.com/D_Q_NP_2X_963027-MLB113772469875_062026-R-vestidos-estilo-parodia-dom-quixote.webp | https://http2.mlstatic.com/storage/catalog-technical-specs/images/assets/vectorial/brand.svg | https://http2.mlstatic.com/storage/catalog-technical-specs/images/assets/vectorial/default.svg | https://http2.mlstatic.com/storage/catalog-technical-specs/images/assets/vectorial/occasions.svg | https://http2.mlstatic.com/storage/catalog-technical-specs/images/assets/vectorial/release_season.svg | https://http2.mlstatic.com/storage/logos-api-admin/00174300-571e-11e8-8364-bff51f08d440-m.svg | https://http2.mlstatic.com/storage/logos-api-admin/9cf818e0-723a-11f0-a459-cf21d0937aeb-m.svg | https://http2.mlstatic.com/storage/logos-api-admin/a5f047d0-9be0-11ec-aad4-c3381f368aaf-m.svg | https://http2.mlstatic.com/storage/logos-api-admin/b2c93a40-f3be-11eb-9984-b7076edb0bb7-m.svg | https://http2.mlstatic.com/storage/logos-api-admin/bb7c7bb0-adec-11f0-92e6-59fb0bcb38c2-m.svg | https://http2.mlstatic.com/storage/logos-api-admin/f3e8e940-f549-11ef-bad6-e9962bcd76e5-m.svg | https://http2.mlstatic.com/storage/logos-api-admin/f99fcca0-f3bd-11eb-9984-b7076edb0bb7-m.svg,5,{}
MLB4811460555,Vestidos Estilo Paródia Basta,Vestidos,125.0,"R$ 125,00",,#0DA600,https://produto.mercadolivre.com.br/MLB-4811460555-vestidos-estilo-parodia-basta-_JM?searchVariation=197008771188#polycard_client=search-desktop&searchVariation=197008771188&be_origin=backend&overlay_label=not_apply&search_layout=grid&position=27&type=item&tracking_id=c6038c79-2da7-4f1f-a180-52be4f4d3542&sid=search,https://http2.mlstatic.com/D_Q_NP_2X_988867-MLB116596575666_092026-E-vestidos-estilo-parodia-basta.webp,Vestidos Estilo Parodia Basta,"Vestido Estilo Paródia Basta, com modelagem solta e comprimento midi. Tem manga curta e gola redonda, com visual casual para o dia a dia.

Composição: 67% poliéster e 33% viscose. Uma peça versátil para compor produções leves e descontraídas.

* Nossa peça não tem acabamento na gola,barra e gola estilo Japonesa *

Garantia do vendedor: 30 dias",https://http2.mlstatic.com/D_NQ_NP_676776-MLB116596310346_092026-O-vestidos-estilo-parodia-basta.webp | https://http2.mlstatic.com/D_NQ_NP_843114-MLB116596458370_092026-O-vestidos-estilo-parodia-basta.webp | https://http2.mlstatic.com/D_NQ_NP_860229-MLB116596310414_092026-O-vestidos-estilo-parodia-basta.webp | https://http2.mlstatic.com/D_NQ_NP_955829-MLB113816579949_062026-O-vestidos-estilo-parodia-basta.webp | https://http2.mlstatic.com/D_NQ_NP_988867-MLB116596575666_092026-O-vestidos-estilo-parodia-basta.webp | https://http2.mlstatic.com/D_Q_NP_2X_676776-MLB116596310346_092026-R-vestidos-estilo-parodia-basta.webp | https://http2.mlstatic.com/D_Q_NP_2X_843114-MLB116596458370_092026-R-vestidos-estilo-parodia-basta.webp | https://http2.mlstatic.com/D_Q_NP_2X_860229-MLB116596310414_092026-R-vestidos-estilo-parodia-basta.webp | https://http2.mlstatic.com/D_Q_NP_2X_955829-MLB113816579949_062026-R-vestidos-estilo-parodia-basta.webp | https://http2.mlstatic.com/D_Q_NP_2X_988867-MLB116596575666_092026-2X.webp | https://http2.mlstatic.com/D_Q_NP_2X_988867-MLB116596575666_092026-R-vestidos-estilo-parodia-basta.webp | https://http2.mlstatic.com/D_Q_NP_2X_997372-MLB116596458774_092026-2X.webp | https://http2.mlstatic.com/storage/catalog-technical-specs/images/assets/vectorial/brand.svg | https://http2.mlstatic.com/storage/catalog-technical-specs/images/assets/vectorial/default.svg | https://http2.mlstatic.com/storage/catalog-technical-specs/images/assets/vectorial/occasions.svg | https://http2.mlstatic.com/storage/catalog-technical-specs/images/assets/vectorial/release_season.svg | https://http2.mlstatic.com/storage/logos-api-admin/00174300-571e-11e8-8364-bff51f08d440-m.svg | https://http2.mlstatic.com/storage/logos-api-admin/9cf818e0-723a-11f0-a459-cf21d0937aeb-m.svg | https://http2.mlstatic.com/storage/logos-api-admin/a5f047d0-9be0-11ec-aad4-c3381f368aaf-m.svg | https://http2.mlstatic.com/storage/logos-api-admin/b2c93a40-f3be-11eb-9984-b7076edb0bb7-m.svg | https://http2.mlstatic.com/storage/logos-api-admin/bb7c7bb0-adec-11f0-92e6-59fb0bcb38c2-m.svg | https://http2.mlstatic.com/storage/logos-api-admin/f3e8e940-f549-11ef-bad6-e9962bcd76e5-m.svg | https://http2.mlstatic.com/storage/logos-api-admin/f99fcca0-f3bd-11eb-9984-b7076edb0bb7-m.svg,5,{}
MLB7036239402,Vestidos Estilo Paródia Aorta,Vestidos,125.0,"R$ 125,00",,"#0DA600, #FFFFFF, #A0522D",https://produto.mercadolivre.com.br/MLB-7036239402-vestidos-estilo-parodia-aorta-_JM?searchVariation=197053335466#polycard_client=search-desktop&searchVariation=197053335466&be_origin=backend&overlay_label=not_apply&search_layout=grid&position=28&type=item&tracking_id=c6038c79-2da7-4f1f-a180-52be4f4d3542&sid=search,https://http2.mlstatic.com/D_Q_NP_2X_696918-MLB116600792732_092026-E-vestidos-estilo-parodia-aorta.webp,Vestidos Estilo Parodia Aorta,"Este vestido estilo paródia foi pensado para quem busca uma peça leve, versátil e fácil de usar no dia a dia. O caimento solto contribui para uma sensação de conforto e liberdade de movimento, sem perder presença no visual.

O comprimento midi traz equilíbrio e ajuda a compor produções práticas para ocasiões casuais

Por ter proposta casual e romântica, combina bem com compromissos cotidianos, passeios e encontros descontraídos. A leitura visual é leve e feminina, com uma estética que se adapta com facilidade a diferentes momentos informais.

A peça também pode atender à fase gestante, graças ao formato solto e ao conforto que ele proporciona. Isso amplia as possibilidades de uso sem exigir uma modelagem ajustada ao corpo.

Pensado para adultas, o vestido acompanha com facilidade a rotina de primavera e verão. Ele funciona como uma escolha prática para quem prefere roupas frescas e com aparência delicada.

Se a ideia é unir conforto, estilo casual e um toque romântico em uma única peça, este modelo entrega uma proposta equilibrada.

* Nossa peça não tem acabamento na gola,barra e gola estilo Japonesa *",https://http2.mlstatic.com/D_NQ_NP_696918-MLB116600792732_092026-O-vestidos-estilo-parodia-aorta.webp | https://http2.mlstatic.com/D_NQ_NP_702098-MLB113817387261_062026-O-vestidos-estilo-parodia-aorta.webp | https://http2.mlstatic.com/D_NQ_NP_730021-MLB118111569357_092026-O-vestidos-estilo-parodia-aorta.webp | https://http2.mlstatic.com/D_NQ_NP_838408-MLB116601706046_092026-O-vestidos-estilo-parodia-aorta.webp | https://http2.mlstatic.com/D_NQ_NP_950911-MLA115902280058_092026-2X.jpg | https://http2.mlstatic.com/D_Q_NP_2X_663835-MLB116600735354_092026-2X.webp | https://http2.mlstatic.com/D_Q_NP_2X_696918-MLB116600792732_092026-2X.webp | https://http2.mlstatic.com/D_Q_NP_2X_696918-MLB116600792732_092026-R-vestidos-estilo-parodia-aorta.webp | https://http2.mlstatic.com/D_Q_NP_2X_702098-MLB113817387261_062026-R-vestidos-estilo-parodia-aorta.webp | https://http2.mlstatic.com/D_Q_NP_2X_730021-MLB118111569357_092026-R-vestidos-estilo-parodia-aorta.webp | https://http2.mlstatic.com/D_Q_NP_2X_838408-MLB116601706046_092026-R-vestidos-estilo-parodia-aorta.webp | https://http2.mlstatic.com/D_Q_NP_2X_976112-MLB118110949411_092026-2X.webp | https://http2.mlstatic.com/storage/catalog-technical-specs/images/assets/vectorial/brand.svg | https://http2.mlstatic.com/storage/catalog-technical-specs/images/assets/vectorial/default.svg | https://http2.mlstatic.com/storage/catalog-technical-specs/images/assets/vectorial/occasions.svg | https://http2.mlstatic.com/storage/catalog-technical-specs/images/assets/vectorial/release_season.svg | https://http2.mlstatic.com/storage/logos-api-admin/00174300-571e-11e8-8364-bff51f08d440-m.svg | https://http2.mlstatic.com/storage/logos-api-admin/9cf818e0-723a-11f0-a459-cf21d0937aeb-m.svg | https://http2.mlstatic.com/storage/logos-api-admin/a5f047d0-9be0-11ec-aad4-c3381f368aaf-m.svg | https://http2.mlstatic.com/storage/logos-api-admin/b2c93a40-f3be-11eb-9984-b7076edb0bb7-m.svg | https://http2.mlstatic.com/storage/logos-api-admin/bb7c7bb0-adec-11f0-92e6-59fb0bcb38c2-m.svg | https://http2.mlstatic.com/storage/logos-api-admin/f3e8e940-f549-11ef-bad6-e9962bcd76e5-m.svg | https://http2.mlstatic.com/storage/logos-api-admin/f99fcca0-f3bd-11eb-9984-b7076edb0bb7-m.svg,5,{}
MLB4807650541,Vestidos Estilo Paródia Rita Lee,Vestidos,125.0,"R$ 125,00",,"#A0522D, #000000, #0DA600, #1717FF",https://produto.mercadolivre.com.br/MLB-4807650541-vestidos-estilo-parodia-rita-lee-_JM?searchVariation=196957817038#polycard_client=search-desktop&searchVariation=196957817038&be_origin=backend&overlay_label=not_apply&search_layout=grid&position=29&type=item&tracking_id=c6038c79-2da7-4f1f-a180-52be4f4d3542&sid=search,https://http2.mlstatic.com/D_Q_NP_2X_750439-MLB116564859374_092026-E-vestidos-estilo-parodia-rita-lee.webp,Vestidos Estilo Paródia Rita Lee,"Vestido Estilo Paródia Rita Lee, com modelagem solta e comprimento midi. Sem mangas e com gola redonda, combina um visual casual, feminino e retrô para diferentes ocasiões.

Composição: 67% poliéster e 33% viscose. Uma peça versátil para usar em momentos casuais ou festas.

* Nossa peça não tem acabamento na gola,barra e gola estilo Japonesa *",https://http2.mlstatic.com/D_NQ_NP_629569-MLA115995698476_092026-2X.jpg | https://http2.mlstatic.com/D_NQ_NP_704297-MLB112632761458_062026-O-vestidos-estilo-parodia-rita-lee.webp | https://http2.mlstatic.com/D_NQ_NP_725943-MLB116565867586_092026-O-vestidos-estilo-parodia-rita-lee.webp | https://http2.mlstatic.com/D_NQ_NP_743660-MLB113816309559_062026-O-vestidos-estilo-parodia-rita-lee.webp | https://http2.mlstatic.com/D_NQ_NP_750439-MLB116564859374_092026-O-vestidos-estilo-parodia-rita-lee.webp | https://http2.mlstatic.com/D_Q_NP_2X_605557-MLB118074528093_092026-2X.webp | https://http2.mlstatic.com/D_Q_NP_2X_612479-MLB118075527781_092026-2X.webp | https://http2.mlstatic.com/D_Q_NP_2X_704297-MLB112632761458_062026-R-vestidos-estilo-parodia-rita-lee.webp | https://http2.mlstatic.com/D_Q_NP_2X_725943-MLB116565867586_092026-R-vestidos-estilo-parodia-rita-lee.webp | https://http2.mlstatic.com/D_Q_NP_2X_743660-MLB113816309559_062026-R-vestidos-estilo-parodia-rita-lee.webp | https://http2.mlstatic.com/D_Q_NP_2X_750439-MLB116564859374_092026-2X.webp | https://http2.mlstatic.com/D_Q_NP_2X_750439-MLB116564859374_092026-R-vestidos-estilo-parodia-rita-lee.webp | https://http2.mlstatic.com/D_Q_NP_2X_980931-MLB116565660634_092026-2X.webp | https://http2.mlstatic.com/storage/catalog-technical-specs/images/assets/vectorial/brand.svg | https://http2.mlstatic.com/storage/catalog-technical-specs/images/assets/vectorial/default.svg | https://http2.mlstatic.com/storage/catalog-technical-specs/images/assets/vectorial/occasions.svg | https://http2.mlstatic.com/storage/catalog-technical-specs/images/assets/vectorial/release_season.svg | https://http2.mlstatic.com/storage/logos-api-admin/00174300-571e-11e8-8364-bff51f08d440-m.svg | https://http2.mlstatic.com/storage/logos-api-admin/9cf818e0-723a-11f0-a459-cf21d0937aeb-m.svg | https://http2.mlstatic.com/storage/logos-api-admin/a5f047d0-9be0-11ec-aad4-c3381f368aaf-m.svg | https://http2.mlstatic.com/storage/logos-api-admin/b2c93a40-f3be-11eb-9984-b7076edb0bb7-m.svg | https://http2.mlstatic.com/storage/logos-api-admin/bb7c7bb0-adec-11f0-92e6-59fb0bcb38c2-m.svg | https://http2.mlstatic.com/storage/logos-api-admin/f3e8e940-f549-11ef-bad6-e9962bcd76e5-m.svg | https://http2.mlstatic.com/storage/logos-api-admin/f99fcca0-f3bd-11eb-9984-b7076edb0bb7-m.svg,5,{}
MLB4814861177,Vestidos Estilo Paródia Charlie Chaplin,Vestidos,125.0,"R$ 125,00",,,https://produto.mercadolivre.com.br/MLB-4814861177-vestidos-estilo-parodia-charlie-chaplin-_JM?searchVariation=197058419334#polycard_client=search-desktop&searchVariation=197058419334&be_origin=backend&overlay_label=not_apply&search_layout=grid&position=30&type=item&tracking_id=c6038c79-2da7-4f1f-a180-52be4f4d3542&sid=search,https://http2.mlstatic.com/D_Q_NP_2X_939316-MLB116311499334_092026-E-vestidos-estilo-parodia-charlie-chaplin.webp,Vestidos Estilo Parodia Charlie Chaplin,"Vestido Estilo Paródia Charlie Chaplin, com modelagem reta e comprimento longo. Tem manga curta e gola canoa, com visual temático e vintage para festas e eventos especiais.

Composição: 67% poliéster e 33% viscose. Uma peça para produções criativas e descontraídas.

Garantia do vendedor: 30 dias",https://http2.mlstatic.com/D_NQ_NP_670327-MLB112720658002_062026-O-vestidos-estilo-parodia-charlie-chaplin.webp | https://http2.mlstatic.com/D_NQ_NP_704230-MLB116596055900_092026-O-vestidos-estilo-parodia-charlie-chaplin.webp | https://http2.mlstatic.com/D_NQ_NP_789957-MLA115903891534_092026-2X.jpg | https://http2.mlstatic.com/D_NQ_NP_939316-MLB116311499334_092026-O-vestidos-estilo-parodia-charlie-chaplin.webp | https://http2.mlstatic.com/D_NQ_NP_960812-MLB116596554494_092026-O-vestidos-estilo-parodia-charlie-chaplin.webp | https://http2.mlstatic.com/D_NQ_NP_967859-MLB116596584224_092026-O-vestidos-estilo-parodia-charlie-chaplin.webp | https://http2.mlstatic.com/D_Q_NP_2X_670327-MLB112720658002_062026-R-vestidos-estilo-parodia-charlie-chaplin.webp | https://http2.mlstatic.com/D_Q_NP_2X_704230-MLB116596055900_092026-R-vestidos-estilo-parodia-charlie-chaplin.webp | https://http2.mlstatic.com/D_Q_NP_2X_757146-MLB116596467320_092026-2X.webp | https://http2.mlstatic.com/D_Q_NP_2X_816766-MLB117806551823_092026-2X.webp | https://http2.mlstatic.com/D_Q_NP_2X_939316-MLB116311499334_092026-2X.webp | https://http2.mlstatic.com/D_Q_NP_2X_939316-MLB116311499334_092026-R-vestidos-estilo-parodia-charlie-chaplin.webp | https://http2.mlstatic.com/D_Q_NP_2X_960812-MLB116596554494_092026-R-vestidos-estilo-parodia-charlie-chaplin.webp | https://http2.mlstatic.com/D_Q_NP_2X_967859-MLB116596584224_092026-R-vestidos-estilo-parodia-charlie-chaplin.webp | https://http2.mlstatic.com/storage/catalog-technical-specs/images/assets/vectorial/brand.svg | https://http2.mlstatic.com/storage/catalog-technical-specs/images/assets/vectorial/default.svg | https://http2.mlstatic.com/storage/catalog-technical-specs/images/assets/vectorial/main_material.svg | https://http2.mlstatic.com/storage/catalog-technical-specs/images/assets/vectorial/occasions.svg | https://http2.mlstatic.com/storage/catalog-technical-specs/images/assets/vectorial/release_season.svg | https://http2.mlstatic.com/storage/logos-api-admin/00174300-571e-11e8-8364-bff51f08d440-m.svg | https://http2.mlstatic.com/storage/logos-api-admin/9cf818e0-723a-11f0-a459-cf21d0937aeb-m.svg | https://http2.mlstatic.com/storage/logos-api-admin/a5f047d0-9be0-11ec-aad4-c3381f368aaf-m.svg | https://http2.mlstatic.com/storage/logos-api-admin/b2c93a40-f3be-11eb-9984-b7076edb0bb7-m.svg | https://http2.mlstatic.com/storage/logos-api-admin/bb7c7bb0-adec-11f0-92e6-59fb0bcb38c2-m.svg | https://http2.mlstatic.com/storage/logos-api-admin/f3e8e940-f549-11ef-bad6-e9962bcd76e5-m.svg | https://http2.mlstatic.com/storage/logos-api-admin/f99fcca0-f3bd-11eb-9984-b7076edb0bb7-m.svg,5,{}
MLB7031557376,Vestidos Estilo Paródia Friends,Vestidos,125.0,"R$ 125,00",,"#9F00FF, #A0522D, #000000, #0DA600",https://produto.mercadolivre.com.br/MLB-7031557376-vestidos-estilo-parodia-friends-_JM?searchVariation=197009016174#polycard_client=search-desktop&searchVariation=197009016174&be_origin=backend&overlay_label=not_apply&search_layout=grid&position=31&type=item&tracking_id=c6038c79-2da7-4f1f-a180-52be4f4d3542&sid=search,https://http2.mlstatic.com/D_Q_NP_2X_805910-MLB117821113299_092026-E-vestidos-estilo-parodia-friends.webp,Vestidos Estilo Parodia Friends,"Vestido Estilo Paródia Friends, com modelagem reta e estilo casual e divertido, ideal para o dia a dia.

Confeccionado em tecido com 67% poliéster e 33% viscose, oferece conforto e leveza para diferentes ocasiões.

Detalhes do produto:
• Comprimento longo
• Gola redonda
• Sem mangas
• Modelagem reta
• Estilo casual e divertido

Composição: 67% poliéster e 33% viscose.

Disponível nas cores e tamanhos anunciados.

* Nossa peça não tem acabamento na gola,barra e gola estilo Japonesa *",https://http2.mlstatic.com/D_NQ_NP_636174-MLB118111593155_092026-O-vestidos-estilo-parodia-friends.webp | https://http2.mlstatic.com/D_NQ_NP_636700-MLB116600728272_092026-O-vestidos-estilo-parodia-friends.webp | https://http2.mlstatic.com/D_NQ_NP_678576-MLB118111563497_092026-O-vestidos-estilo-parodia-friends.webp | https://http2.mlstatic.com/D_NQ_NP_688831-MLB113769305547_062026-O-vestidos-estilo-parodia-friends.webp | https://http2.mlstatic.com/D_NQ_NP_696311-MLA115909464022_092026-2X.jpg | https://http2.mlstatic.com/D_NQ_NP_805910-MLB117821113299_092026-O-vestidos-estilo-parodia-friends.webp | https://http2.mlstatic.com/D_NQ_NP_964544-MLB118111563637_092026-O-vestidos-estilo-parodia-friends.webp | https://http2.mlstatic.com/D_Q_NP_2X_636174-MLB118111593155_092026-R-vestidos-estilo-parodia-friends.webp | https://http2.mlstatic.com/D_Q_NP_2X_636700-MLB116600728272_092026-R-vestidos-estilo-parodia-friends.webp | https://http2.mlstatic.com/D_Q_NP_2X_678576-MLB118111563497_092026-R-vestidos-estilo-parodia-friends.webp | https://http2.mlstatic.com/D_Q_NP_2X_688831-MLB113769305547_062026-R-vestidos-estilo-parodia-friends.webp | https://http2.mlstatic.com/D_Q_NP_2X_745246-MLB117822090055_092026-2X.webp | https://http2.mlstatic.com/D_Q_NP_2X_805910-MLB117821113299_092026-2X.webp | https://http2.mlstatic.com/D_Q_NP_2X_805910-MLB117821113299_092026-R-vestidos-estilo-parodia-friends.webp | https://http2.mlstatic.com/D_Q_NP_2X_910306-MLB117821111675_092026-2X.webp | https://http2.mlstatic.com/D_Q_NP_2X_945240-MLB117820731741_092026-2X.webp | https://http2.mlstatic.com/D_Q_NP_2X_964544-MLB118111563637_092026-R-vestidos-estilo-parodia-friends.webp | https://http2.mlstatic.com/storage/catalog-technical-specs/images/assets/vectorial/brand.svg | https://http2.mlstatic.com/storage/catalog-technical-specs/images/assets/vectorial/default.svg | https://http2.mlstatic.com/storage/catalog-technical-specs/images/assets/vectorial/main_material.svg | https://http2.mlstatic.com/storage/catalog-technical-specs/images/assets/vectorial/occasions.svg | https://http2.mlstatic.com/storage/catalog-technical-specs/images/assets/vectorial/release_season.svg | https://http2.mlstatic.com/storage/logos-api-admin/00174300-571e-11e8-8364-bff51f08d440-m.svg | https://http2.mlstatic.com/storage/logos-api-admin/9cf818e0-723a-11f0-a459-cf21d0937aeb-m.svg | https://http2.mlstatic.com/storage/logos-api-admin/a5f047d0-9be0-11ec-aad4-c3381f368aaf-m.svg | https://http2.mlstatic.com/storage/logos-api-admin/b2c93a40-f3be-11eb-9984-b7076edb0bb7-m.svg | https://http2.mlstatic.com/storage/logos-api-admin/bb7c7bb0-adec-11f0-92e6-59fb0bcb38c2-m.svg | https://http2.mlstatic.com/storage/logos-api-admin/f3e8e940-f549-11ef-bad6-e9962bcd76e5-m.svg | https://http2.mlstatic.com/storage/logos-api-admin/f99fcca0-f3bd-11eb-9984-b7076edb0bb7-m.svg,5,{}
MLB4814864395,Vestidos Estilo Paródia Dente De Leão,Vestidos,125.0,"R$ 125,00",,"#A0522D, #000000, #0DA600",https://produto.mercadolivre.com.br/MLB-4814864395-vestidos-estilo-parodia-dente-de-leo-_JM?searchVariation=197058419590#polycard_client=search-desktop&searchVariation=197058419590&be_origin=backend&overlay_label=not_apply&search_layout=grid&position=32&type=item&tracking_id=c6038c79-2da7-4f1f-a180-52be4f4d3542&sid=search,https://http2.mlstatic.com/D_Q_NP_2X_891914-MLB117806108193_092026-E-vestidos-estilo-parodia-dente-de-leo.webp,Vestidos Estilo Parodia Dente De Leão,"Vestido Estilo Paródia Dente de Leão, com modelagem solta e comprimento longo. Tem manga curta e gola redonda, com visual feminino e casual para o dia a dia.

Composição: 67% poliéster e 33% viscose. Uma peça versátil para compor produções leves e descontraídas.

* Nossa peça não tem acabamento na gola,barra e gola estilo Japonesa *",https://http2.mlstatic.com/D_NQ_NP_887622-MLB113768987067_062026-O-vestidos-estilo-parodia-dente-de-leo.webp | https://http2.mlstatic.com/D_NQ_NP_891914-MLB117806108193_092026-O-vestidos-estilo-parodia-dente-de-leo.webp | https://http2.mlstatic.com/D_NQ_NP_906097-MLB116596556286_092026-O-vestidos-estilo-parodia-dente-de-leo.webp | https://http2.mlstatic.com/D_NQ_NP_915499-MLB116596468052_092026-O-vestidos-estilo-parodia-dente-de-leo.webp | https://http2.mlstatic.com/D_NQ_NP_975360-MLB116596468314_092026-O-vestidos-estilo-parodia-dente-de-leo.webp | https://http2.mlstatic.com/D_NQ_NP_978123-MLB116596585956_092026-O-vestidos-estilo-parodia-dente-de-leo.webp | https://http2.mlstatic.com/D_NQ_NP_986031-MLA117666479273_092026-2X.jpg | https://http2.mlstatic.com/D_Q_NP_2X_646071-MLB117807114803_092026-2X.webp | https://http2.mlstatic.com/D_Q_NP_2X_653401-MLB117806997271_092026-2X.webp | https://http2.mlstatic.com/D_Q_NP_2X_887622-MLB113768987067_062026-R-vestidos-estilo-parodia-dente-de-leo.webp | https://http2.mlstatic.com/D_Q_NP_2X_891914-MLB117806108193_092026-2X.webp | https://http2.mlstatic.com/D_Q_NP_2X_891914-MLB117806108193_092026-R-vestidos-estilo-parodia-dente-de-leo.webp | https://http2.mlstatic.com/D_Q_NP_2X_906097-MLB116596556286_092026-R-vestidos-estilo-parodia-dente-de-leo.webp | https://http2.mlstatic.com/D_Q_NP_2X_915499-MLB116596468052_092026-R-vestidos-estilo-parodia-dente-de-leo.webp | https://http2.mlstatic.com/D_Q_NP_2X_975360-MLB116596468314_092026-R-vestidos-estilo-parodia-dente-de-leo.webp | https://http2.mlstatic.com/D_Q_NP_2X_978123-MLB116596585956_092026-R-vestidos-estilo-parodia-dente-de-leo.webp | https://http2.mlstatic.com/storage/catalog-technical-specs/images/assets/vectorial/brand.svg | https://http2.mlstatic.com/storage/catalog-technical-specs/images/assets/vectorial/default.svg | https://http2.mlstatic.com/storage/catalog-technical-specs/images/assets/vectorial/main_material.svg | https://http2.mlstatic.com/storage/catalog-technical-specs/images/assets/vectorial/occasions.svg | https://http2.mlstatic.com/storage/catalog-technical-specs/images/assets/vectorial/release_season.svg | https://http2.mlstatic.com/storage/logos-api-admin/00174300-571e-11e8-8364-bff51f08d440-m.svg | https://http2.mlstatic.com/storage/logos-api-admin/9cf818e0-723a-11f0-a459-cf21d0937aeb-m.svg | https://http2.mlstatic.com/storage/logos-api-admin/a5f047d0-9be0-11ec-aad4-c3381f368aaf-m.svg | https://http2.mlstatic.com/storage/logos-api-admin/b2c93a40-f3be-11eb-9984-b7076edb0bb7-m.svg | https://http2.mlstatic.com/storage/logos-api-admin/bb7c7bb0-adec-11f0-92e6-59fb0bcb38c2-m.svg | https://http2.mlstatic.com/storage/logos-api-admin/f3e8e940-f549-11ef-bad6-e9962bcd76e5-m.svg | https://http2.mlstatic.com/storage/logos-api-admin/f99fcca0-f3bd-11eb-9984-b7076edb0bb7-m.svg,5,{}
MLB7031588594,Vestidos Estilo Paródia Amélie Poulain,Vestidos,125.0,"R$ 125,00",,"#000000, #A0522D, #0DA600",https://produto.mercadolivre.com.br/MLB-7031588594-vestidos-estilo-parodia-amelie-poulain-_JM?searchVariation=197008991270#polycard_client=search-desktop&searchVariation=197008991270&be_origin=backend&overlay_label=not_apply&search_layout=grid&position=33&type=item&tracking_id=c6038c79-2da7-4f1f-a180-52be4f4d3542&sid=search,https://http2.mlstatic.com/D_Q_NP_2X_861028-MLB118111210399_092026-E-vestidos-estilo-parodia-amelie-poulain.webp,Vestidos Estilo Parodia Amélie Poulain,"Este vestido em estilo paródia de Amélie Poulain traz uma proposta charmosa e fácil de usar no dia a dia. O caimento solto favorece conforto e liberdade de movimento, enquanto o comprimento midi ajuda a criar uma aparência equilibrada e versátil.

A gola redonda e a manga curta reforçam um visual leve, prático e simples de combinar. É uma escolha interessante para quem busca uma peça com referência marcante, mas com leitura casual para rotina, passeios e compromissos informais.

Por ser pensado para uso cotidiano, o vestido se adapta bem a diferentes momentos em que a praticidade faz diferença. O estilo casual ajuda a compor produções descomplicadas, sem perder personalidade.

Indicado para pessoas adultas, o desenho da peça valoriza um uso mais livre e confortável. A silhueta solta contribui para uma sensação agradável ao vestir e amplia as possibilidades de combinação com acessórios e calçados variados.

Com inspiração atemporal, é uma opção que mantém relevância em diferentes épocas do ano e ocasiões informais. O resultado é um vestido com apelo visual delicado, funcional e fácil de inserir na rotina.

* Nossa peça não tem acabamento na gola,barra e gola estilo Japonesa *",https://http2.mlstatic.com/D_NQ_NP_697533-MLB116600730622_092026-O-vestidos-estilo-parodia-amelie-poulain.webp | https://http2.mlstatic.com/D_NQ_NP_724368-MLB116600789442_092026-O-vestidos-estilo-parodia-amelie-poulain.webp | https://http2.mlstatic.com/D_NQ_NP_837625-MLB118110945191_092026-O-vestidos-estilo-parodia-amelie-poulain.webp | https://http2.mlstatic.com/D_NQ_NP_861028-MLB118111210399_092026-O-vestidos-estilo-parodia-amelie-poulain.webp | https://http2.mlstatic.com/D_NQ_NP_973545-MLB113911141017_062026-O-vestidos-estilo-parodia-amelie-poulain.webp | https://http2.mlstatic.com/D_NQ_NP_983459-MLA117418722851_092026-2X.jpg | https://http2.mlstatic.com/D_Q_NP_2X_697533-MLB116600730622_092026-R-vestidos-estilo-parodia-amelie-poulain.webp | https://http2.mlstatic.com/D_Q_NP_2X_724368-MLB116600789442_092026-R-vestidos-estilo-parodia-amelie-poulain.webp | https://http2.mlstatic.com/D_Q_NP_2X_837625-MLB118110945191_092026-R-vestidos-estilo-parodia-amelie-poulain.webp | https://http2.mlstatic.com/D_Q_NP_2X_861028-MLB118111210399_092026-2X.webp | https://http2.mlstatic.com/D_Q_NP_2X_861028-MLB118111210399_092026-R-vestidos-estilo-parodia-amelie-poulain.webp | https://http2.mlstatic.com/D_Q_NP_2X_876976-MLB118111005705_092026-2X.webp | https://http2.mlstatic.com/D_Q_NP_2X_973545-MLB113911141017_062026-R-vestidos-estilo-parodia-amelie-poulain.webp | https://http2.mlstatic.com/D_Q_NP_2X_999912-MLB116600789890_092026-2X.webp | https://http2.mlstatic.com/storage/catalog-technical-specs/images/assets/vectorial/brand.svg | https://http2.mlstatic.com/storage/catalog-technical-specs/images/assets/vectorial/default.svg | https://http2.mlstatic.com/storage/catalog-technical-specs/images/assets/vectorial/occasions.svg | https://http2.mlstatic.com/storage/catalog-technical-specs/images/assets/vectorial/release_season.svg | https://http2.mlstatic.com/storage/logos-api-admin/00174300-571e-11e8-8364-bff51f08d440-m.svg | https://http2.mlstatic.com/storage/logos-api-admin/9cf818e0-723a-11f0-a459-cf21d0937aeb-m.svg | https://http2.mlstatic.com/storage/logos-api-admin/a5f047d0-9be0-11ec-aad4-c3381f368aaf-m.svg | https://http2.mlstatic.com/storage/logos-api-admin/b2c93a40-f3be-11eb-9984-b7076edb0bb7-m.svg | https://http2.mlstatic.com/storage/logos-api-admin/bb7c7bb0-adec-11f0-92e6-59fb0bcb38c2-m.svg | https://http2.mlstatic.com/storage/logos-api-admin/f3e8e940-f549-11ef-bad6-e9962bcd76e5-m.svg | https://http2.mlstatic.com/storage/logos-api-admin/f99fcca0-f3bd-11eb-9984-b7076edb0bb7-m.svg,5,{}
MLB4814845377,Vestidos Estilo Paródia Woodstock,Vestidos,125.0,"R$ 125,00",,"#000000, #A0522D, #0DA600",https://produto.mercadolivre.com.br/MLB-4814845377-vestidos-estilo-parodia-woodstock-_JM?searchVariation=197062013230#polycard_client=search-desktop&searchVariation=197062013230&be_origin=backend&overlay_label=not_apply&search_layout=grid&position=34&type=item&tracking_id=c6038c79-2da7-4f1f-a180-52be4f4d3542&sid=search,https://http2.mlstatic.com/D_Q_NP_2X_682052-MLB117806396741_092026-E-vestidos-estilo-parodia-woodstock.webp,Vestidos Estilo Parodia Woodstock,"Este vestido estilo paródia Woodstock foi pensado para quem busca uma peça com referência boho, vintage e hippie, com visual leve e fácil de combinar. O caimento solto favorece conforto e liberdade de movimento, mantendo uma proposta elegante para uso casual.

Confeccionado em poliéster, traz comprimento longo, gola redonda e modelagem sem mangas, detalhes que ajudam a compor uma silhueta fluida. A estrutura é adequada para dias mais quentes, especialmente na primavera e no verão, quando a leveza faz diferença no vestir.

* Nossa peça não tem acabamento na gola,barra e gola estilo Japonesa *

Por ter proposta feminina e adulta, funciona bem em momentos casuais, encontros informais e passeios tranquilos. Também é uma escolha prática para quem prefere roupas com presença visual, mas sem excesso de informação no design.

O estilo inspirado em Woodstock valoriza uma leitura descontraída e marcante, com apelo retrô que conversa com acessórios simples, sandálias e chapéus. A versatilidade da peça permite variar o visual conforme a composição, mantendo sempre uma imagem harmoniosa.

É uma opção para quem deseja um vestido longo, confortável e com personalidade, sem abrir mão de um acabamento leve para o uso cotidiano. Com proposta soltinha e visual atemporal, se adapta com facilidade a diferentes rotinas e ocasiões informais.

Garantia do vendedor: 30 dias",https://http2.mlstatic.com/D_NQ_NP_625929-MLB116596311458_092026-O-vestidos-estilo-parodia-woodstock.webp | https://http2.mlstatic.com/D_NQ_NP_682052-MLB117806396741_092026-O-vestidos-estilo-parodia-woodstock.webp | https://http2.mlstatic.com/D_NQ_NP_759510-MLB113772428343_062026-O-vestidos-estilo-parodia-woodstock.webp | https://http2.mlstatic.com/D_NQ_NP_886630-MLB116596311374_092026-O-vestidos-estilo-parodia-woodstock.webp | https://http2.mlstatic.com/D_NQ_NP_973548-MLB116596311158_092026-O-vestidos-estilo-parodia-woodstock.webp | https://http2.mlstatic.com/D_NQ_NP_995238-MLB116596311268_092026-O-vestidos-estilo-parodia-woodstock.webp | https://http2.mlstatic.com/D_Q_NP_2X_625929-MLB116596311458_092026-R-vestidos-estilo-parodia-woodstock.webp | https://http2.mlstatic.com/D_Q_NP_2X_682052-MLB117806396741_092026-2X.webp | https://http2.mlstatic.com/D_Q_NP_2X_682052-MLB117806396741_092026-R-vestidos-estilo-parodia-woodstock.webp | https://http2.mlstatic.com/D_Q_NP_2X_759510-MLB113772428343_062026-R-vestidos-estilo-parodia-woodstock.webp | https://http2.mlstatic.com/D_Q_NP_2X_870708-MLB117805661947_092026-2X.webp | https://http2.mlstatic.com/D_Q_NP_2X_886630-MLB116596311374_092026-R-vestidos-estilo-parodia-woodstock.webp | https://http2.mlstatic.com/D_Q_NP_2X_950528-MLB117805661281_092026-2X.webp | https://http2.mlstatic.com/D_Q_NP_2X_972519-MLB116311494504_092026-2X.webp | https://http2.mlstatic.com/D_Q_NP_2X_973548-MLB116596311158_092026-R-vestidos-estilo-parodia-woodstock.webp | https://http2.mlstatic.com/D_Q_NP_2X_995238-MLB116596311268_092026-R-vestidos-estilo-parodia-woodstock.webp | https://http2.mlstatic.com/storage/catalog-technical-specs/images/assets/vectorial/brand.svg | https://http2.mlstatic.com/storage/catalog-technical-specs/images/assets/vectorial/default.svg | https://http2.mlstatic.com/storage/catalog-technical-specs/images/assets/vectorial/main_material.svg | https://http2.mlstatic.com/storage/catalog-technical-specs/images/assets/vectorial/occasions.svg | https://http2.mlstatic.com/storage/catalog-technical-specs/images/assets/vectorial/release_season.svg | https://http2.mlstatic.com/storage/logos-api-admin/00174300-571e-11e8-8364-bff51f08d440-m.svg | https://http2.mlstatic.com/storage/logos-api-admin/9cf818e0-723a-11f0-a459-cf21d0937aeb-m.svg | https://http2.mlstatic.com/storage/logos-api-admin/a5f047d0-9be0-11ec-aad4-c3381f368aaf-m.svg | https://http2.mlstatic.com/storage/logos-api-admin/b2c93a40-f3be-11eb-9984-b7076edb0bb7-m.svg | https://http2.mlstatic.com/storage/logos-api-admin/bb7c7bb0-adec-11f0-92e6-59fb0bcb38c2-m.svg | https://http2.mlstatic.com/storage/logos-api-admin/f3e8e940-f549-11ef-bad6-e9962bcd76e5-m.svg | https://http2.mlstatic.com/storage/logos-api-admin/f99fcca0-f3bd-11eb-9984-b7076edb0bb7-m.svg,5,{}
MLB4811178177,Vestidos Estilo Paródia Santa Paciência,Vestidos,125.0,"R$ 125,00",,,https://produto.mercadolivre.com.br/MLB-4811178177-vestidos-estilo-parodia-santa-pacincia-_JM?searchVariation=204477784857#polycard_client=search-desktop&searchVariation=204477784857&be_origin=backend&overlay_label=not_apply&search_layout=grid&position=35&type=item&tracking_id=c6038c79-2da7-4f1f-a180-52be4f4d3542&sid=search,https://http2.mlstatic.com/D_Q_NP_2X_706387-MLB117805029475_092026-E-vestidos-estilo-parodia-santa-pacincia.webp,Vestidos Estilo Paródia Santa Paciência,"Vestido Estilo Paródia Santa Paciência, com modelagem solta e comprimento midi. Sem mangas e com decote V, combina um visual casual e feminino para diferentes ocasiões.

Composição: 67% poliéster e 33% viscose. Uma peça versátil para usar em momentos casuais ou festas.

* Nossa peça não tem acabamento na gola,barra e gola estilo Japonesa *",https://http2.mlstatic.com/D_NQ_NP_630449-MLA117537842557_092026-2X.jpg | https://http2.mlstatic.com/D_NQ_NP_706387-MLB117805029475_092026-O-vestidos-estilo-parodia-santa-pacincia.webp | https://http2.mlstatic.com/D_NQ_NP_844063-MLB116566220026_092026-O-vestidos-estilo-parodia-santa-pacincia.webp | https://http2.mlstatic.com/D_NQ_NP_905894-MLB116564714382_092026-O-vestidos-estilo-parodia-santa-pacincia.webp | https://http2.mlstatic.com/D_NQ_NP_925704-MLB116564743718_092026-O-vestidos-estilo-parodia-santa-pacincia.webp | https://http2.mlstatic.com/D_NQ_NP_964875-MLB112591614830_062026-O-vestidos-estilo-parodia-santa-pacincia.webp | https://http2.mlstatic.com/D_NQ_NP_977417-MLB118075529471_092026-O-vestidos-estilo-parodia-santa-pacincia.webp | https://http2.mlstatic.com/D_Q_NP_2X_706387-MLB117805029475_092026-R-vestidos-estilo-parodia-santa-pacincia.webp | https://http2.mlstatic.com/D_Q_NP_2X_844063-MLB116566220026_092026-R-vestidos-estilo-parodia-santa-pacincia.webp | https://http2.mlstatic.com/D_Q_NP_2X_905894-MLB116564714382_092026-R-vestidos-estilo-parodia-santa-pacincia.webp | https://http2.mlstatic.com/D_Q_NP_2X_925704-MLB116564743718_092026-R-vestidos-estilo-parodia-santa-pacincia.webp | https://http2.mlstatic.com/D_Q_NP_2X_964875-MLB112591614830_062026-R-vestidos-estilo-parodia-santa-pacincia.webp | https://http2.mlstatic.com/D_Q_NP_2X_977417-MLB118075529471_092026-R-vestidos-estilo-parodia-santa-pacincia.webp | https://http2.mlstatic.com/storage/catalog-technical-specs/images/assets/vectorial/brand.svg | https://http2.mlstatic.com/storage/catalog-technical-specs/images/assets/vectorial/default.svg | https://http2.mlstatic.com/storage/catalog-technical-specs/images/assets/vectorial/occasions.svg | https://http2.mlstatic.com/storage/catalog-technical-specs/images/assets/vectorial/release_season.svg | https://http2.mlstatic.com/storage/logos-api-admin/00174300-571e-11e8-8364-bff51f08d440-m.svg | https://http2.mlstatic.com/storage/logos-api-admin/9cf818e0-723a-11f0-a459-cf21d0937aeb-m.svg | https://http2.mlstatic.com/storage/logos-api-admin/a5f047d0-9be0-11ec-aad4-c3381f368aaf-m.svg | https://http2.mlstatic.com/storage/logos-api-admin/b2c93a40-f3be-11eb-9984-b7076edb0bb7-m.svg | https://http2.mlstatic.com/storage/logos-api-admin/bb7c7bb0-adec-11f0-92e6-59fb0bcb38c2-m.svg | https://http2.mlstatic.com/storage/logos-api-admin/f3e8e940-f549-11ef-bad6-e9962bcd76e5-m.svg | https://http2.mlstatic.com/storage/logos-api-admin/f99fcca0-f3bd-11eb-9984-b7076edb0bb7-m.svg,5,{}
MLB7031269244,Vestidos Estilo Paródia Não Me Khalo,Vestidos,125.0,"R$ 125,00",,"#83DDFF, #FFFFFF, #FF8C00",https://produto.mercadolivre.com.br/MLB-7031269244-vestidos-estilo-parodia-no-me-khalo-_JM?searchVariation=197006519904#polycard_client=search-desktop&searchVariation=197006519904&be_origin=backend&overlay_label=not_apply&search_layout=grid&position=36&type=item&tracking_id=c6038c79-2da7-4f1f-a180-52be4f4d3542&sid=search,https://http2.mlstatic.com/D_Q_NP_2X_717695-MLB116313440694_092026-E-vestidos-estilo-parodia-no-me-khalo.webp,Vestidos Estilo Parodia Não Me Khalo,"Vestido Estilo Paródia Não Me Khalo, com modelagem soltinha e estilo feminino, ideal para diferentes momentos.

Confeccionado em tecido com 67% poliéster e 33% viscose, oferece conforto e leveza para o dia a dia, eventos casuais ou festas.

Detalhes do produto:
• Comprimento midi
• Gola redonda
• Manga curta
• Modelagem solta
• Estilo feminino

Composição: 67% poliéster e 33% viscose.

Disponível nas cores e tamanhos anunciados.

* Nossa peça não tem acabamento na gola,barra e gola estilo Japonesa *",https://http2.mlstatic.com/D_NQ_NP_717695-MLB116313440694_092026-O-vestidos-estilo-parodia-no-me-khalo.webp | https://http2.mlstatic.com/D_NQ_NP_845109-MLB112720571412_062026-O-vestidos-estilo-parodia-no-me-khalo.webp | https://http2.mlstatic.com/D_NQ_NP_884308-MLB116600785962_092026-O-vestidos-estilo-parodia-no-me-khalo.webp | https://http2.mlstatic.com/D_NQ_NP_922855-MLB118110588423_092026-O-vestidos-estilo-parodia-no-me-khalo.webp | https://http2.mlstatic.com/D_NQ_NP_928624-MLB116600785880_092026-O-vestidos-estilo-parodia-no-me-khalo.webp | https://http2.mlstatic.com/D_NQ_NP_986812-MLA116059651736_092026-2X.jpg | https://http2.mlstatic.com/D_Q_NP_2X_717695-MLB116313440694_092026-2X.webp | https://http2.mlstatic.com/D_Q_NP_2X_717695-MLB116313440694_092026-R-vestidos-estilo-parodia-no-me-khalo.webp | https://http2.mlstatic.com/D_Q_NP_2X_811778-MLB116600023892_092026-2X.webp | https://http2.mlstatic.com/D_Q_NP_2X_845109-MLB112720571412_062026-R-vestidos-estilo-parodia-no-me-khalo.webp | https://http2.mlstatic.com/D_Q_NP_2X_884308-MLB116600785962_092026-R-vestidos-estilo-parodia-no-me-khalo.webp | https://http2.mlstatic.com/D_Q_NP_2X_922855-MLB118110588423_092026-R-vestidos-estilo-parodia-no-me-khalo.webp | https://http2.mlstatic.com/D_Q_NP_2X_928624-MLB116600785880_092026-R-vestidos-estilo-parodia-no-me-khalo.webp | https://http2.mlstatic.com/D_Q_NP_2X_940690-MLB116312412264_092026-2X.webp | https://http2.mlstatic.com/storage/catalog-technical-specs/images/assets/vectorial/brand.svg | https://http2.mlstatic.com/storage/catalog-technical-specs/images/assets/vectorial/default.svg | https://http2.mlstatic.com/storage/catalog-technical-specs/images/assets/vectorial/occasions.svg | https://http2.mlstatic.com/storage/catalog-technical-specs/images/assets/vectorial/release_season.svg | https://http2.mlstatic.com/storage/logos-api-admin/00174300-571e-11e8-8364-bff51f08d440-m.svg | https://http2.mlstatic.com/storage/logos-api-admin/9cf818e0-723a-11f0-a459-cf21d0937aeb-m.svg | https://http2.mlstatic.com/storage/logos-api-admin/a5f047d0-9be0-11ec-aad4-c3381f368aaf-m.svg | https://http2.mlstatic.com/storage/logos-api-admin/b2c93a40-f3be-11eb-9984-b7076edb0bb7-m.svg | https://http2.mlstatic.com/storage/logos-api-admin/bb7c7bb0-adec-11f0-92e6-59fb0bcb38c2-m.svg | https://http2.mlstatic.com/storage/logos-api-admin/f3e8e940-f549-11ef-bad6-e9962bcd76e5-m.svg | https://http2.mlstatic.com/storage/logos-api-admin/f99fcca0-f3bd-11eb-9984-b7076edb0bb7-m.svg,5,{}
MLB4814466531,Vestidos Femininos Estilo Paródia History Of Art,Vestidos,125.0,"R$ 125,00",,"#FFFFFF, #A0522D, #0DA600, #000000",https://produto.mercadolivre.com.br/MLB-4814466531-vestidos-femininos-estilo-parodia-history-of-art-_JM?searchVariation=204530918403#polycard_client=search-desktop&searchVariation=204530918403&be_origin=backend&overlay_label=not_apply&search_layout=grid&position=37&type=item&tracking_id=c6038c79-2da7-4f1f-a180-52be4f4d3542&sid=search,https://http2.mlstatic.com/D_Q_NP_2X_696921-MLB116310839016_092026-E-vestidos-femininos-estilo-parodia-history-of-art.webp,Vestidos Femininos Estilo Parodia History Of Art,"Vestido Estilo Paródia History of Art, com modelagem solta e comprimento midi. Tem manga curta e gola redonda, unindo um visual artístico e feminino para diferentes ocasiões.

Composição: 67% poliéster e 33% viscose. Uma peça versátil para usar no dia a dia, em momentos casuais ou festas.

* Nossa peça não tem acabamento na gola,barra e gola estilo Japonesa *",https://http2.mlstatic.com/D_NQ_NP_620592-MLB116596551618_092026-O-vestidos-femininos-estilo-parodia-history-of-art.webp | https://http2.mlstatic.com/D_NQ_NP_642248-MLB116596551312_092026-O-vestidos-femininos-estilo-parodia-history-of-art.webp | https://http2.mlstatic.com/D_NQ_NP_684008-MLB116596463642_092026-O-vestidos-femininos-estilo-parodia-history-of-art.webp | https://http2.mlstatic.com/D_NQ_NP_696921-MLB116310839016_092026-O-vestidos-femininos-estilo-parodia-history-of-art.webp | https://http2.mlstatic.com/D_NQ_NP_850885-MLA117662418695_092026-2X.jpg | https://http2.mlstatic.com/D_NQ_NP_861620-MLB113771414605_062026-O-vestidos-femininos-estilo-parodia-history-of-art.webp | https://http2.mlstatic.com/D_NQ_NP_990749-MLB116596052838_092026-O-vestidos-femininos-estilo-parodia-history-of-art.webp | https://http2.mlstatic.com/D_Q_NP_2X_620592-MLB116596551618_092026-R-vestidos-femininos-estilo-parodia-history-of-art.webp | https://http2.mlstatic.com/D_Q_NP_2X_642248-MLB116596551312_092026-R-vestidos-femininos-estilo-parodia-history-of-art.webp | https://http2.mlstatic.com/D_Q_NP_2X_684008-MLB116596463642_092026-R-vestidos-femininos-estilo-parodia-history-of-art.webp | https://http2.mlstatic.com/D_Q_NP_2X_696921-MLB116310839016_092026-2X.webp | https://http2.mlstatic.com/D_Q_NP_2X_696921-MLB116310839016_092026-R-vestidos-femininos-estilo-parodia-history-of-art.webp | https://http2.mlstatic.com/D_Q_NP_2X_861620-MLB113771414605_062026-R-vestidos-femininos-estilo-parodia-history-of-art.webp | https://http2.mlstatic.com/D_Q_NP_2X_909496-MLB116310401564_092026-2X.webp | https://http2.mlstatic.com/D_Q_NP_2X_953092-MLB116310723022_092026-2X.webp | https://http2.mlstatic.com/D_Q_NP_2X_988161-MLB116310779150_092026-2X.webp | https://http2.mlstatic.com/D_Q_NP_2X_990749-MLB116596052838_092026-R-vestidos-femininos-estilo-parodia-history-of-art.webp | https://http2.mlstatic.com/storage/catalog-technical-specs/images/assets/vectorial/brand.svg | https://http2.mlstatic.com/storage/catalog-technical-specs/images/assets/vectorial/default.svg | https://http2.mlstatic.com/storage/catalog-technical-specs/images/assets/vectorial/occasions.svg | https://http2.mlstatic.com/storage/catalog-technical-specs/images/assets/vectorial/release_season.svg | https://http2.mlstatic.com/storage/logos-api-admin/00174300-571e-11e8-8364-bff51f08d440-m.svg | https://http2.mlstatic.com/storage/logos-api-admin/9cf818e0-723a-11f0-a459-cf21d0937aeb-m.svg | https://http2.mlstatic.com/storage/logos-api-admin/a5f047d0-9be0-11ec-aad4-c3381f368aaf-m.svg | https://http2.mlstatic.com/storage/logos-api-admin/b2c93a40-f3be-11eb-9984-b7076edb0bb7-m.svg | https://http2.mlstatic.com/storage/logos-api-admin/bb7c7bb0-adec-11f0-92e6-59fb0bcb38c2-m.svg | https://http2.mlstatic.com/storage/logos-api-admin/f3e8e940-f549-11ef-bad6-e9962bcd76e5-m.svg | https://http2.mlstatic.com/storage/logos-api-admin/f99fcca0-f3bd-11eb-9984-b7076edb0bb7-m.svg,5,{}
MLB4814848771,Vestidos Estilo Paródia Yin-yang Gato,Vestidos,125.0,"R$ 125,00",,"#0DA600, #A0522D, #000000",https://produto.mercadolivre.com.br/MLB-4814848771-vestidos-estilo-parodia-yin-yang-gato-_JM?searchVariation=197062013774#polycard_client=search-desktop&searchVariation=197062013774&be_origin=backend&overlay_label=not_apply&search_layout=grid&position=38&type=item&tracking_id=c6038c79-2da7-4f1f-a180-52be4f4d3542&sid=search,https://http2.mlstatic.com/D_Q_NP_2X_756564-MLB117806399371_092026-E-vestidos-estilo-parodia-yin-yang-gato.webp,Vestidos Estilo Parodia Yin-yang Gato,"Vestido Estilo Paródia Yin-Yang Gato, com modelagem solta e comprimento longo. Tem manga curta e gola redonda, com visual casual e descontraído para o dia a dia.

Composição: 67% poliéster e 33% viscose. Uma peça versátil para compor produções leves e criativas.

* Nossa peça não tem acabamento na gola,barra e gola estilo Japonesa *",https://http2.mlstatic.com/D_NQ_NP_665315-MLB116596317532_092026-O-vestidos-estilo-parodia-yin-yang-gato.webp | https://http2.mlstatic.com/D_NQ_NP_756564-MLB117806399371_092026-O-vestidos-estilo-parodia-yin-yang-gato.webp | https://http2.mlstatic.com/D_NQ_NP_764810-MLB116596553354_092026-O-vestidos-estilo-parodia-yin-yang-gato.webp | https://http2.mlstatic.com/D_NQ_NP_778552-MLA117427390345_092026-2X.jpg | https://http2.mlstatic.com/D_NQ_NP_828686-MLB113774439339_062026-O-vestidos-estilo-parodia-yin-yang-gato.webp | https://http2.mlstatic.com/D_NQ_NP_887171-MLB116596583056_092026-O-vestidos-estilo-parodia-yin-yang-gato.webp | https://http2.mlstatic.com/D_NQ_NP_893732-MLB116596317374_092026-O-vestidos-estilo-parodia-yin-yang-gato.webp | https://http2.mlstatic.com/D_Q_NP_2X_665315-MLB116596317532_092026-R-vestidos-estilo-parodia-yin-yang-gato.webp | https://http2.mlstatic.com/D_Q_NP_2X_756564-MLB117806399371_092026-2X.webp | https://http2.mlstatic.com/D_Q_NP_2X_756564-MLB117806399371_092026-R-vestidos-estilo-parodia-yin-yang-gato.webp | https://http2.mlstatic.com/D_Q_NP_2X_764810-MLB116596553354_092026-R-vestidos-estilo-parodia-yin-yang-gato.webp | https://http2.mlstatic.com/D_Q_NP_2X_770090-MLB117805397411_092026-2X.webp | https://http2.mlstatic.com/D_Q_NP_2X_828686-MLB113774439339_062026-R-vestidos-estilo-parodia-yin-yang-gato.webp | https://http2.mlstatic.com/D_Q_NP_2X_887171-MLB116596583056_092026-R-vestidos-estilo-parodia-yin-yang-gato.webp | https://http2.mlstatic.com/D_Q_NP_2X_893732-MLB116596317374_092026-R-vestidos-estilo-parodia-yin-yang-gato.webp | https://http2.mlstatic.com/D_Q_NP_2X_909003-MLB116310732370_092026-2X.webp | https://http2.mlstatic.com/D_Q_NP_2X_961091-MLB116310733146_092026-2X.webp | https://http2.mlstatic.com/storage/catalog-technical-specs/images/assets/vectorial/brand.svg | https://http2.mlstatic.com/storage/catalog-technical-specs/images/assets/vectorial/default.svg | https://http2.mlstatic.com/storage/catalog-technical-specs/images/assets/vectorial/main_material.svg | https://http2.mlstatic.com/storage/catalog-technical-specs/images/assets/vectorial/occasions.svg | https://http2.mlstatic.com/storage/catalog-technical-specs/images/assets/vectorial/release_season.svg | https://http2.mlstatic.com/storage/logos-api-admin/00174300-571e-11e8-8364-bff51f08d440-m.svg | https://http2.mlstatic.com/storage/logos-api-admin/9cf818e0-723a-11f0-a459-cf21d0937aeb-m.svg | https://http2.mlstatic.com/storage/logos-api-admin/a5f047d0-9be0-11ec-aad4-c3381f368aaf-m.svg | https://http2.mlstatic.com/storage/logos-api-admin/b2c93a40-f3be-11eb-9984-b7076edb0bb7-m.svg | https://http2.mlstatic.com/storage/logos-api-admin/bb7c7bb0-adec-11f0-92e6-59fb0bcb38c2-m.svg | https://http2.mlstatic.com/storage/logos-api-admin/f3e8e940-f549-11ef-bad6-e9962bcd76e5-m.svg | https://http2.mlstatic.com/storage/logos-api-admin/f99fcca0-f3bd-11eb-9984-b7076edb0bb7-m.svg,5,{}
MLB7036227382,Vestidos Estilo Paródia Amor E Cachorro,Vestidos,125.0,"R$ 125,00",,"#FFFFFF, #000000",https://produto.mercadolivre.com.br/MLB-7036227382-vestidos-estilo-parodia-amor-e-cachorro-_JM?searchVariation=197053331960#polycard_client=search-desktop&searchVariation=197053331960&be_origin=backend&overlay_label=not_apply&search_layout=grid&position=39&type=item&tracking_id=c6038c79-2da7-4f1f-a180-52be4f4d3542&sid=search,https://http2.mlstatic.com/D_Q_NP_2X_737895-MLB116670187646_092026-E-vestidos-estilo-parodia-amor-e-cachorro.webp,Vestidos Estilo Paródia Amor E Cachorro,"Este vestido em Estilo Paródia foi pensado para quem busca uma peça leve, prática e com identidade visual marcante. O modelo Amor e um Cachorro traz proposta casual para o dia a dia, com caimento solto que favorece conforto e liberdade de movimento.

Com comprimento midi, ele entrega um visual equilibrado, fácil de usar em diferentes combinações. A gola canoa valoriza o colo de forma discreta, enquanto a manga curta ajuda a manter a peça versátil em várias temperaturas.

O desenho aposta em uma leitura descomplicada, ideal para compor produções informais sem perder personalidade. Por ser voltado ao público adulto feminino, atende bem quem quer uma opção com toque divertido e uso cotidiano.

Assinado pela marca estilo parodia, o vestido segue uma proposta atemporal, o que facilita seu uso em diversas ocasiões rotineiras. A modelagem solta contribui para uma experiência mais confortável ao longo do dia, sem excesso de ajuste ao corpo.

É uma escolha interessante para quem valoriza peças com estilo casual e presença própria. Um vestido prático para inserir no guarda-roupa e usar com naturalidade em diferentes momentos da rotina.

* Nossa peça não tem acabamento na gola,barra e gola estilo Japonesa *",https://http2.mlstatic.com/D_NQ_NP_613700-MLB118111213131_092026-O-vestidos-estilo-parodia-amor-e-cachorro.webp | https://http2.mlstatic.com/D_NQ_NP_700189-MLB116669894202_092026-O-vestidos-estilo-parodia-amor-e-cachorro.webp | https://http2.mlstatic.com/D_NQ_NP_737895-MLB116670187646_092026-O-vestidos-estilo-parodia-amor-e-cachorro.webp | https://http2.mlstatic.com/D_NQ_NP_759565-MLB118188114431_092026-O-vestidos-estilo-parodia-amor-e-cachorro.webp | https://http2.mlstatic.com/D_NQ_NP_862027-MLA115900474948_092026-2X.jpg | https://http2.mlstatic.com/D_NQ_NP_890836-MLB116670158036_092026-O-vestidos-estilo-parodia-amor-e-cachorro.webp | https://http2.mlstatic.com/D_NQ_NP_945123-MLB112594052042_062026-O-vestidos-estilo-parodia-amor-e-cachorro.webp | https://http2.mlstatic.com/D_Q_NP_2X_613700-MLB118111213131_092026-R-vestidos-estilo-parodia-amor-e-cachorro.webp | https://http2.mlstatic.com/D_Q_NP_2X_700189-MLB116669894202_092026-R-vestidos-estilo-parodia-amor-e-cachorro.webp | https://http2.mlstatic.com/D_Q_NP_2X_706345-MLB116600791460_092026-2X.webp | https://http2.mlstatic.com/D_Q_NP_2X_737895-MLB116670187646_092026-2X.webp | https://http2.mlstatic.com/D_Q_NP_2X_737895-MLB116670187646_092026-R-vestidos-estilo-parodia-amor-e-cachorro.webp | https://http2.mlstatic.com/D_Q_NP_2X_759565-MLB118188114431_092026-R-vestidos-estilo-parodia-amor-e-cachorro.webp | https://http2.mlstatic.com/D_Q_NP_2X_890836-MLB116670158036_092026-R-vestidos-estilo-parodia-amor-e-cachorro.webp | https://http2.mlstatic.com/D_Q_NP_2X_945123-MLB112594052042_062026-R-vestidos-estilo-parodia-amor-e-cachorro.webp | https://http2.mlstatic.com/storage/catalog-technical-specs/images/assets/vectorial/brand.svg | https://http2.mlstatic.com/storage/catalog-technical-specs/images/assets/vectorial/default.svg | https://http2.mlstatic.com/storage/catalog-technical-specs/images/assets/vectorial/occasions.svg | https://http2.mlstatic.com/storage/catalog-technical-specs/images/assets/vectorial/release_season.svg | https://http2.mlstatic.com/storage/logos-api-admin/00174300-571e-11e8-8364-bff51f08d440-m.svg | https://http2.mlstatic.com/storage/logos-api-admin/9cf818e0-723a-11f0-a459-cf21d0937aeb-m.svg | https://http2.mlstatic.com/storage/logos-api-admin/a5f047d0-9be0-11ec-aad4-c3381f368aaf-m.svg | https://http2.mlstatic.com/storage/logos-api-admin/b2c93a40-f3be-11eb-9984-b7076edb0bb7-m.svg | https://http2.mlstatic.com/storage/logos-api-admin/bb7c7bb0-adec-11f0-92e6-59fb0bcb38c2-m.svg | https://http2.mlstatic.com/storage/logos-api-admin/f3e8e940-f549-11ef-bad6-e9962bcd76e5-m.svg | https://http2.mlstatic.com/storage/logos-api-admin/f99fcca0-f3bd-11eb-9984-b7076edb0bb7-m.svg,5,{}
MLB7036695750,Vestidos Estilo Paródia Ovelha Colorida,Vestidos,125.0,"R$ 125,00",,"#000000, #FFFFFF",https://produto.mercadolivre.com.br/MLB-7036695750-vestidos-estilo-parodia-ovelha-colorida-_JM?searchVariation=204533852085#polycard_client=search-desktop&searchVariation=204533852085&be_origin=backend&overlay_label=not_apply&search_layout=grid&position=40&type=item&tracking_id=c6038c79-2da7-4f1f-a180-52be4f4d3542&sid=search,https://http2.mlstatic.com/D_Q_NP_2X_689476-MLB116602193746_092026-E-vestidos-estilo-parodia-ovelha-colorida.webp,Vestidos Estilo Paródia Ovelha Colorida,"Este vestido da marca Estilo Paródia foi pensado para quem procura uma peça feminina com visual leve e fácil de combinar. A proposta Ovelha Colorida traz personalidade sem perder a praticidade para o dia a dia.

O caimento solto ajuda a vestir com conforto e oferece liberdade de movimento em diferentes momentos. Por ser de comprimento midi, cria uma silhueta equilibrada que funciona bem em ocasiões casuais e também em encontros mais arrumados.

A gola canoa valoriza o colo de forma discreta, enquanto a manga curta reforça o uso em climas amenos e quentes. Esse conjunto de detalhes deixa a peça versátil para quem gosta de roupas simples, com acabamento visual limpo.

É uma escolha adequada para mulheres adultas que buscam uma opção prática para passeios, reuniões informais e eventos descontraídos. O estilo casual facilita a combinação com acessórios variados e permite adaptar o visual conforme a ocasião.

Por seu caráter atemporal, o vestido mantém presença em diferentes momentos do ano e não depende de tendências passageiras. Isso amplia as possibilidades de uso e ajuda a compor um guarda-roupa funcional com uma peça de aparência equilibrada.

Para quem valoriza conforto, versatilidade e um desenho bem definido, este vestido entrega uma solução agradável para uso frequente.

* Nossa peça não tem acabamento na gola,barra e gola estilo Japonesa *

Garantia do vendedor: 30 dias",https://http2.mlstatic.com/D_NQ_NP_689476-MLB116602193746_092026-O-vestidos-estilo-parodia-ovelha-colorida.webp | https://http2.mlstatic.com/D_NQ_NP_704752-MLB118112909835_092026-O-vestidos-estilo-parodia-ovelha-colorida.webp | https://http2.mlstatic.com/D_NQ_NP_858905-MLB113769727889_062026-O-vestidos-estilo-parodia-ovelha-colorida.webp | https://http2.mlstatic.com/D_NQ_NP_945567-MLB118112056723_092026-O-vestidos-estilo-parodia-ovelha-colorida.webp | https://http2.mlstatic.com/D_NQ_NP_998023-MLB116602341838_092026-O-vestidos-estilo-parodia-ovelha-colorida.webp | https://http2.mlstatic.com/D_Q_NP_2X_689476-MLB116602193746_092026-2X.webp | https://http2.mlstatic.com/D_Q_NP_2X_689476-MLB116602193746_092026-R-vestidos-estilo-parodia-ovelha-colorida.webp | https://http2.mlstatic.com/D_Q_NP_2X_704752-MLB118112909835_092026-R-vestidos-estilo-parodia-ovelha-colorida.webp | https://http2.mlstatic.com/D_Q_NP_2X_856935-MLB116602046566_092026-2X.webp | https://http2.mlstatic.com/D_Q_NP_2X_858905-MLB113769727889_062026-R-vestidos-estilo-parodia-ovelha-colorida.webp | https://http2.mlstatic.com/D_Q_NP_2X_945567-MLB118112056723_092026-R-vestidos-estilo-parodia-ovelha-colorida.webp | https://http2.mlstatic.com/D_Q_NP_2X_998023-MLB116602341838_092026-R-vestidos-estilo-parodia-ovelha-colorida.webp | https://http2.mlstatic.com/storage/catalog-technical-specs/images/assets/vectorial/brand.svg | https://http2.mlstatic.com/storage/catalog-technical-specs/images/assets/vectorial/default.svg | https://http2.mlstatic.com/storage/catalog-technical-specs/images/assets/vectorial/occasions.svg | https://http2.mlstatic.com/storage/catalog-technical-specs/images/assets/vectorial/release_season.svg | https://http2.mlstatic.com/storage/logos-api-admin/00174300-571e-11e8-8364-bff51f08d440-m.svg | https://http2.mlstatic.com/storage/logos-api-admin/9cf818e0-723a-11f0-a459-cf21d0937aeb-m.svg | https://http2.mlstatic.com/storage/logos-api-admin/a5f047d0-9be0-11ec-aad4-c3381f368aaf-m.svg | https://http2.mlstatic.com/storage/logos-api-admin/b2c93a40-f3be-11eb-9984-b7076edb0bb7-m.svg | https://http2.mlstatic.com/storage/logos-api-admin/bb7c7bb0-adec-11f0-92e6-59fb0bcb38c2-m.svg | https://http2.mlstatic.com/storage/logos-api-admin/f3e8e940-f549-11ef-bad6-e9962bcd76e5-m.svg | https://http2.mlstatic.com/storage/logos-api-admin/f99fcca0-f3bd-11eb-9984-b7076edb0bb7-m.svg,5,{}
MLB7031159816,Vestidos Estilo Paródia Banksy,Vestidos,125.0,"R$ 125,00",,"#A0522D, #000000, #FFFFFF",https://produto.mercadolivre.com.br/MLB-7031159816-vestidos-estilo-parodia-banksy-_JM?searchVariation=204477763429#polycard_client=search-desktop&searchVariation=204477763429&be_origin=backend&overlay_label=not_apply&search_layout=grid&position=41&type=item&tracking_id=c6038c79-2da7-4f1f-a180-52be4f4d3542&sid=search,https://http2.mlstatic.com/D_Q_NP_2X_830259-MLB118111177825_092026-E-vestidos-estilo-parodia-banksy.webp,Vestidos Estilo Parodia Banksy,"Vestido Estilo Paródia Banksy, com modelagem soltinha e estilo casual, ideal para o dia a dia.

Confeccionado em tecido com 67% poliéster e 33% viscose, oferece conforto e leveza para usar em diferentes ocasiões.

Detalhes do produto:
• Comprimento curto
• Gola canoa
• Manga curta
• Modelagem solta
• Estilo casual

Composição: 67% poliéster e 33% viscose.

Disponível nas cores e tamanhos anunciados.

* Nossa peça não tem acabamento na gola,barra e gola estilo Japonesa *",https://http2.mlstatic.com/D_NQ_NP_647050-MLB118110587547_092026-O-vestidos-estilo-parodia-banksy.webp | https://http2.mlstatic.com/D_NQ_NP_787798-MLB113816789163_062026-O-vestidos-estilo-parodia-banksy.webp | https://http2.mlstatic.com/D_NQ_NP_799859-MLA115903613776_092026-2X.jpg | https://http2.mlstatic.com/D_NQ_NP_830259-MLB118111177825_092026-O-vestidos-estilo-parodia-banksy.webp | https://http2.mlstatic.com/D_NQ_NP_890229-MLB118111561187_092026-O-vestidos-estilo-parodia-banksy.webp | https://http2.mlstatic.com/D_NQ_NP_966000-MLB116600784872_092026-O-vestidos-estilo-parodia-banksy.webp | https://http2.mlstatic.com/D_Q_NP_2X_647050-MLB118110587547_092026-R-vestidos-estilo-parodia-banksy.webp | https://http2.mlstatic.com/D_Q_NP_2X_687062-MLB116600023022_092026-2X.webp | https://http2.mlstatic.com/D_Q_NP_2X_787798-MLB113816789163_062026-R-vestidos-estilo-parodia-banksy.webp | https://http2.mlstatic.com/D_Q_NP_2X_830259-MLB118111177825_092026-2X.webp | https://http2.mlstatic.com/D_Q_NP_2X_830259-MLB118111177825_092026-R-vestidos-estilo-parodia-banksy.webp | https://http2.mlstatic.com/D_Q_NP_2X_859611-MLB116600022738_092026-2X.webp | https://http2.mlstatic.com/D_Q_NP_2X_890229-MLB118111561187_092026-R-vestidos-estilo-parodia-banksy.webp | https://http2.mlstatic.com/D_Q_NP_2X_966000-MLB116600784872_092026-R-vestidos-estilo-parodia-banksy.webp | https://http2.mlstatic.com/storage/catalog-technical-specs/images/assets/vectorial/brand.svg | https://http2.mlstatic.com/storage/catalog-technical-specs/images/assets/vectorial/default.svg | https://http2.mlstatic.com/storage/catalog-technical-specs/images/assets/vectorial/main_material.svg | https://http2.mlstatic.com/storage/catalog-technical-specs/images/assets/vectorial/occasions.svg | https://http2.mlstatic.com/storage/catalog-technical-specs/images/assets/vectorial/release_season.svg | https://http2.mlstatic.com/storage/logos-api-admin/00174300-571e-11e8-8364-bff51f08d440-m.svg | https://http2.mlstatic.com/storage/logos-api-admin/9cf818e0-723a-11f0-a459-cf21d0937aeb-m.svg | https://http2.mlstatic.com/storage/logos-api-admin/a5f047d0-9be0-11ec-aad4-c3381f368aaf-m.svg | https://http2.mlstatic.com/storage/logos-api-admin/b2c93a40-f3be-11eb-9984-b7076edb0bb7-m.svg | https://http2.mlstatic.com/storage/logos-api-admin/bb7c7bb0-adec-11f0-92e6-59fb0bcb38c2-m.svg | https://http2.mlstatic.com/storage/logos-api-admin/f3e8e940-f549-11ef-bad6-e9962bcd76e5-m.svg | https://http2.mlstatic.com/storage/logos-api-admin/f99fcca0-f3bd-11eb-9984-b7076edb0bb7-m.svg,5,{}
MLB7031048648,Vestidos Estilo Paródia Fusca,Vestidos,125.0,"R$ 125,00",,,https://produto.mercadolivre.com.br/MLB-7031048648-vestidos-estilo-parodia-fusca-_JM?searchVariation=197006516310#polycard_client=search-desktop&searchVariation=197006516310&be_origin=backend&overlay_label=not_apply&search_layout=grid&position=42&type=item&tracking_id=c6038c79-2da7-4f1f-a180-52be4f4d3542&sid=search,https://http2.mlstatic.com/D_Q_NP_2X_649287-MLB113768602971_062026-E-vestidos-estilo-parodia-fusca.webp,Vestidos Estilo Parodia Fusca,"Vestido Estilo Paródia Fusca, com modelagem soltinha e estilo casual, perfeito para o dia a dia.

Confeccionado em tecido com 67% poliéster e 33% viscose, oferece conforto e leveza para diferentes ocasiões.

Detalhes do produto:
• Comprimento curto
• Gola redonda
• Manga curta
• Modelagem solta
• Estilo casual, jovem e despojado

Composição: 67% poliéster e 33% viscose.

Disponível nas cores e tamanhos anunciados.

* Nossa peça não tem acabamento na gola,barra e gola estilo Japonesa *",https://http2.mlstatic.com/D_NQ_NP_649287-MLB113768602971_062026-O-vestidos-estilo-parodia-fusca.webp | https://http2.mlstatic.com/D_NQ_NP_748802-MLB116600784164_092026-O-vestidos-estilo-parodia-fusca.webp | https://http2.mlstatic.com/D_NQ_NP_752821-MLA116059710860_092026-2X.jpg | https://http2.mlstatic.com/D_NQ_NP_955808-MLB118111590215_092026-O-vestidos-estilo-parodia-fusca.webp | https://http2.mlstatic.com/D_NQ_NP_978874-MLB118111590111_092026-O-vestidos-estilo-parodia-fusca.webp | https://http2.mlstatic.com/D_Q_NP_2X_649287-MLB113768602971_062026-R-vestidos-estilo-parodia-fusca.webp | https://http2.mlstatic.com/D_Q_NP_2X_748802-MLB116600784164_092026-R-vestidos-estilo-parodia-fusca.webp | https://http2.mlstatic.com/D_Q_NP_2X_955808-MLB118111590215_092026-R-vestidos-estilo-parodia-fusca.webp | https://http2.mlstatic.com/D_Q_NP_2X_978874-MLB118111590111_092026-R-vestidos-estilo-parodia-fusca.webp | https://http2.mlstatic.com/storage/catalog-technical-specs/images/assets/vectorial/brand.svg | https://http2.mlstatic.com/storage/catalog-technical-specs/images/assets/vectorial/default.svg | https://http2.mlstatic.com/storage/catalog-technical-specs/images/assets/vectorial/occasions.svg | https://http2.mlstatic.com/storage/catalog-technical-specs/images/assets/vectorial/release_season.svg | https://http2.mlstatic.com/storage/logos-api-admin/00174300-571e-11e8-8364-bff51f08d440-m.svg | https://http2.mlstatic.com/storage/logos-api-admin/9cf818e0-723a-11f0-a459-cf21d0937aeb-m.svg | https://http2.mlstatic.com/storage/logos-api-admin/a5f047d0-9be0-11ec-aad4-c3381f368aaf-m.svg | https://http2.mlstatic.com/storage/logos-api-admin/b2c93a40-f3be-11eb-9984-b7076edb0bb7-m.svg | https://http2.mlstatic.com/storage/logos-api-admin/bb7c7bb0-adec-11f0-92e6-59fb0bcb38c2-m.svg | https://http2.mlstatic.com/storage/logos-api-admin/f3e8e940-f549-11ef-bad6-e9962bcd76e5-m.svg | https://http2.mlstatic.com/storage/logos-api-admin/f99fcca0-f3bd-11eb-9984-b7076edb0bb7-m.svg,5,{}
MLB7031575796,Vestidos Estilo Paródia Clarice Lispector,Vestidos,125.0,"R$ 125,00",,"#FFFFFF, #FF8C00",https://produto.mercadolivre.com.br/MLB-7031575796-vestidos-estilo-parodia-clarice-lispector-_JM?searchVariation=197008825878#polycard_client=search-desktop&searchVariation=197008825878&be_origin=backend&overlay_label=not_apply&search_layout=grid&position=43&type=item&tracking_id=c6038c79-2da7-4f1f-a180-52be4f4d3542&sid=search,https://http2.mlstatic.com/D_Q_NP_2X_966126-MLB118111594895_092026-E-vestidos-estilo-parodia-clarice-lispector.webp,Vestidos Estilo Parodia Clarice Lispector,"Vestido Estilo Paródia Clarice Lispector, com modelagem soltinha e estilo casual, ideal para o dia a dia.

Confeccionado em tecido com 67% poliéster e 33% viscose, oferece conforto e leveza para diferentes ocasiões.

Detalhes do produto:
• Comprimento midi
• Gola canoa
• Manga curta
• Modelagem solta
• Estilo casual e literário

Composição: 67% poliéster e 33% viscose.

Disponível nas cores e tamanhos anunciados.

* Nossa peça não tem acabamento na gola,barra e gola estilo Japonesa *",https://http2.mlstatic.com/D_NQ_NP_739574-MLA117373485353_092026-2X.jpg | https://http2.mlstatic.com/D_NQ_NP_799921-MLB116669861368_092026-O-vestidos-estilo-parodia-clarice-lispector.webp | https://http2.mlstatic.com/D_NQ_NP_892713-MLB118188111639_092026-O-vestidos-estilo-parodia-clarice-lispector.webp | https://http2.mlstatic.com/D_NQ_NP_892853-MLB113817236885_062026-O-vestidos-estilo-parodia-clarice-lispector.webp | https://http2.mlstatic.com/D_NQ_NP_903983-MLB118188524633_092026-O-vestidos-estilo-parodia-clarice-lispector.webp | https://http2.mlstatic.com/D_NQ_NP_965646-MLB116670155992_092026-O-vestidos-estilo-parodia-clarice-lispector.webp | https://http2.mlstatic.com/D_NQ_NP_966126-MLB118111594895_092026-O-vestidos-estilo-parodia-clarice-lispector.webp | https://http2.mlstatic.com/D_Q_NP_2X_799921-MLB116669861368_092026-R-vestidos-estilo-parodia-clarice-lispector.webp | https://http2.mlstatic.com/D_Q_NP_2X_806711-MLB116600729370_092026-2X.webp | https://http2.mlstatic.com/D_Q_NP_2X_892713-MLB118188111639_092026-R-vestidos-estilo-parodia-clarice-lispector.webp | https://http2.mlstatic.com/D_Q_NP_2X_892853-MLB113817236885_062026-R-vestidos-estilo-parodia-clarice-lispector.webp | https://http2.mlstatic.com/D_Q_NP_2X_903983-MLB118188524633_092026-R-vestidos-estilo-parodia-clarice-lispector.webp | https://http2.mlstatic.com/D_Q_NP_2X_965646-MLB116670155992_092026-R-vestidos-estilo-parodia-clarice-lispector.webp | https://http2.mlstatic.com/D_Q_NP_2X_966126-MLB118111594895_092026-2X.webp | https://http2.mlstatic.com/D_Q_NP_2X_966126-MLB118111594895_092026-R-vestidos-estilo-parodia-clarice-lispector.webp | https://http2.mlstatic.com/storage/catalog-technical-specs/images/assets/vectorial/brand.svg | https://http2.mlstatic.com/storage/catalog-technical-specs/images/assets/vectorial/default.svg | https://http2.mlstatic.com/storage/catalog-technical-specs/images/assets/vectorial/occasions.svg | https://http2.mlstatic.com/storage/catalog-technical-specs/images/assets/vectorial/release_season.svg | https://http2.mlstatic.com/storage/logos-api-admin/00174300-571e-11e8-8364-bff51f08d440-m.svg | https://http2.mlstatic.com/storage/logos-api-admin/9cf818e0-723a-11f0-a459-cf21d0937aeb-m.svg | https://http2.mlstatic.com/storage/logos-api-admin/a5f047d0-9be0-11ec-aad4-c3381f368aaf-m.svg | https://http2.mlstatic.com/storage/logos-api-admin/b2c93a40-f3be-11eb-9984-b7076edb0bb7-m.svg | https://http2.mlstatic.com/storage/logos-api-admin/bb7c7bb0-adec-11f0-92e6-59fb0bcb38c2-m.svg | https://http2.mlstatic.com/storage/logos-api-admin/f3e8e940-f549-11ef-bad6-e9962bcd76e5-m.svg | https://http2.mlstatic.com/storage/logos-api-admin/f99fcca0-f3bd-11eb-9984-b7076edb0bb7-m.svg,5,{}
MLB7037559444,Vestidos Estilo Paródia Tatu,Vestidos,125.0,"R$ 125,00",,"#FFFFFF, #83DDFF",https://produto.mercadolivre.com.br/MLB-7037559444-vestidos-estilo-parodia-tatu-_JM?searchVariation=197062014658#polycard_client=search-desktop&searchVariation=197062014658&be_origin=backend&overlay_label=not_apply&search_layout=grid&position=44&type=item&tracking_id=c6038c79-2da7-4f1f-a180-52be4f4d3542&sid=search,https://http2.mlstatic.com/D_Q_NP_2X_879230-MLB116602461334_092026-E-vestidos-estilo-parodia-tatu.webp,Vestidos Estilo Parodia Tatu,"Este vestido estilo paródia Tatu do Bem foi pensado para mulheres adultas que buscam uma peça leve e fácil de usar no dia a dia. A proposta de modelagem solta favorece conforto e liberdade de movimento, sem perder a presença visual.

O decote redondo e a manga curta ajudam a compor um visual equilibrado e versátil. É uma opção prática para acompanhar rotinas mais descontraídas, encontros informais e momentos em que a roupa precisa unir simplicidade e personalidade.

Por ter perfil casual, ele se adapta bem a diferentes ocasiões sem exigir combinações complexas. Também funciona em eventos mais arrumados dentro de uma proposta leve, especialmente nas estações de primavera e verão.

O modelo Tatu do Bem reforça um visual com identidade própria, mantendo um acabamento pensado para uso frequente. A silhueta solta contribui para uma sensação de conforto ao longo do dia, o que torna a peça interessante para quem prioriza bem-estar e praticidade.

A peça não foi indicada para uso esportivo nem para gestantes, o que ajuda a alinhar a escolha ao tipo de uso esperado. Assim, a compra fica mais objetiva para quem procura um vestido feminino voltado ao cotidiano e a momentos sociais tranquilos.

Com design simples e funcional, este vestido entrega uma proposta fácil de vestir, combinar e levar para diferentes ocasiões. É uma escolha versátil para quem quer uma peça leve, confortável e com presença visual marcante.

* Nossa peça não tem acabamento na gola,barra e gola estilo Japonesa *",https://http2.mlstatic.com/D_NQ_NP_605696-MLB116602047696_092026-O-vestidos-estilo-parodia-tatu.webp | https://http2.mlstatic.com/D_NQ_NP_776071-MLB112634985544_062026-O-vestidos-estilo-parodia-tatu.webp | https://http2.mlstatic.com/D_NQ_NP_879230-MLB116602461334_092026-O-vestidos-estilo-parodia-tatu.webp | https://http2.mlstatic.com/D_NQ_NP_986793-MLB116601723532_092026-O-vestidos-estilo-parodia-tatu.webp | https://http2.mlstatic.com/D_Q_NP_2X_605696-MLB116602047696_092026-R-vestidos-estilo-parodia-tatu.webp | https://http2.mlstatic.com/D_Q_NP_2X_776071-MLB112634985544_062026-R-vestidos-estilo-parodia-tatu.webp | https://http2.mlstatic.com/D_Q_NP_2X_855380-MLB116602770240_092026-2X.webp | https://http2.mlstatic.com/D_Q_NP_2X_879230-MLB116602461334_092026-2X.webp | https://http2.mlstatic.com/D_Q_NP_2X_879230-MLB116602461334_092026-R-vestidos-estilo-parodia-tatu.webp | https://http2.mlstatic.com/D_Q_NP_2X_986793-MLB116601723532_092026-R-vestidos-estilo-parodia-tatu.webp | https://http2.mlstatic.com/storage/catalog-technical-specs/images/assets/vectorial/brand.svg | https://http2.mlstatic.com/storage/catalog-technical-specs/images/assets/vectorial/default.svg | https://http2.mlstatic.com/storage/catalog-technical-specs/images/assets/vectorial/occasions.svg | https://http2.mlstatic.com/storage/catalog-technical-specs/images/assets/vectorial/release_season.svg | https://http2.mlstatic.com/storage/logos-api-admin/00174300-571e-11e8-8364-bff51f08d440-m.svg | https://http2.mlstatic.com/storage/logos-api-admin/9cf818e0-723a-11f0-a459-cf21d0937aeb-m.svg | https://http2.mlstatic.com/storage/logos-api-admin/a5f047d0-9be0-11ec-aad4-c3381f368aaf-m.svg | https://http2.mlstatic.com/storage/logos-api-admin/b2c93a40-f3be-11eb-9984-b7076edb0bb7-m.svg | https://http2.mlstatic.com/storage/logos-api-admin/bb7c7bb0-adec-11f0-92e6-59fb0bcb38c2-m.svg | https://http2.mlstatic.com/storage/logos-api-admin/f3e8e940-f549-11ef-bad6-e9962bcd76e5-m.svg | https://http2.mlstatic.com/storage/logos-api-admin/f99fcca0-f3bd-11eb-9984-b7076edb0bb7-m.svg,5,{}
MLB4674691057,Camisetão Feminino Nossa Senhora Da Bicicletinha,Camisetões,86.0,"R$ 86,00",5,"#0DA600, #000000, #FFFFFF",https://produto.mercadolivre.com.br/MLB-4674691057-camiseto-feminino-nossa-senhora-da-bicicletinha-_JM?searchVariation=194567091494#polycard_client=search-desktop&searchVariation=194567091494&be_origin=backend&overlay_label=not_apply&search_layout=grid&position=45&type=item&tracking_id=c6038c79-2da7-4f1f-a180-52be4f4d3542&sid=search,https://http2.mlstatic.com/D_Q_NP_2X_712834-MLB117756678491_092026-E-camiseto-feminino-nossa-senhora-da-bicicletinha.webp,Camisetão Feminino Nossa Senhora Da Bicicletinha,"Camisetão feminino Estilo Paródia Nossa Senhora da Bicicletinha, ideal para compor looks casuais no dia a dia. Tem gola redonda e manga curta, com visual leve para momentos descontraídos.

Confeccionado em tecido PV, com 67% poliéster e 33% viscose. Uma peça com referência criativa e fácil de combinar com calças, saias ou bermudas.


* Nossa peça não possui acabamento na gola,barra e manga estilo Japonesa *",https://http2.mlstatic.com/D_NQ_NP_666923-MLB118068799311_092026-O-camiseto-feminino-nossa-senhora-da-bicicletinha.webp | https://http2.mlstatic.com/D_NQ_NP_709182-MLB111601329701_052026-O-camiseto-feminino-nossa-senhora-da-bicicletinha.webp | https://http2.mlstatic.com/D_NQ_NP_712834-MLB117756678491_092026-O-camiseto-feminino-nossa-senhora-da-bicicletinha.webp | https://http2.mlstatic.com/D_NQ_NP_721765-MLA115898069068_092026-2X.jpg | https://http2.mlstatic.com/D_NQ_NP_820128-MLB116559933376_092026-O-camiseto-feminino-nossa-senhora-da-bicicletinha.webp | https://http2.mlstatic.com/D_NQ_NP_839980-MLB118069360077_092026-O-camiseto-feminino-nossa-senhora-da-bicicletinha.webp | https://http2.mlstatic.com/D_NQ_NP_969947-MLB116561085936_092026-O-camiseto-feminino-nossa-senhora-da-bicicletinha.webp | https://http2.mlstatic.com/D_Q_NP_2X_666923-MLB118068799311_092026-R-camiseto-feminino-nossa-senhora-da-bicicletinha.webp | https://http2.mlstatic.com/D_Q_NP_2X_677124-MLB116266345436_092026-2X.webp | https://http2.mlstatic.com/D_Q_NP_2X_709182-MLB111601329701_052026-R-camiseto-feminino-nossa-senhora-da-bicicletinha.webp | https://http2.mlstatic.com/D_Q_NP_2X_712834-MLB117756678491_092026-2X.webp | https://http2.mlstatic.com/D_Q_NP_2X_712834-MLB117756678491_092026-R-camiseto-feminino-nossa-senhora-da-bicicletinha.webp | https://http2.mlstatic.com/D_Q_NP_2X_743155-MLB117757119921_092026-2X.webp | https://http2.mlstatic.com/D_Q_NP_2X_789744-MLB117756706501_092026-2X.webp | https://http2.mlstatic.com/D_Q_NP_2X_820128-MLB116559933376_092026-R-camiseto-feminino-nossa-senhora-da-bicicletinha.webp | https://http2.mlstatic.com/D_Q_NP_2X_839980-MLB118069360077_092026-R-camiseto-feminino-nossa-senhora-da-bicicletinha.webp | https://http2.mlstatic.com/D_Q_NP_2X_946394-MLB117756709729_092026-2X.webp | https://http2.mlstatic.com/D_Q_NP_2X_969947-MLB116561085936_092026-R-camiseto-feminino-nossa-senhora-da-bicicletinha.webp | https://http2.mlstatic.com/storage/catalog-technical-specs/images/assets/vectorial/brand.svg | https://http2.mlstatic.com/storage/catalog-technical-specs/images/assets/vectorial/default.svg | https://http2.mlstatic.com/storage/logos-api-admin/00174300-571e-11e8-8364-bff51f08d440-m.svg | https://http2.mlstatic.com/storage/logos-api-admin/9cf818e0-723a-11f0-a459-cf21d0937aeb-m.svg | https://http2.mlstatic.com/storage/logos-api-admin/a5f047d0-9be0-11ec-aad4-c3381f368aaf-m.svg | https://http2.mlstatic.com/storage/logos-api-admin/b2c93a40-f3be-11eb-9984-b7076edb0bb7-m.svg | https://http2.mlstatic.com/storage/logos-api-admin/bb7c7bb0-adec-11f0-92e6-59fb0bcb38c2-m.svg | https://http2.mlstatic.com/storage/logos-api-admin/f3e8e940-f549-11ef-bad6-e9962bcd76e5-m.svg | https://http2.mlstatic.com/storage/logos-api-admin/f99fcca0-f3bd-11eb-9984-b7076edb0bb7-m.svg,5,{}
MLB6928690604,Camisetas Femininas Estilo Paródia Não Fui Eu,Camisetas e Regatas,86.0,"R$ 86,00",,"#0DA600, #000000, #FF0000",https://produto.mercadolivre.com.br/MLB-6928690604-camisetas-femininas-estilo-parodia-no-fui-eu-_JM?searchVariation=203619278991#polycard_client=search-desktop&searchVariation=203619278991&be_origin=backend&overlay_label=not_apply&search_layout=grid&position=46&type=item&tracking_id=c6038c79-2da7-4f1f-a180-52be4f4d3542&sid=search,https://http2.mlstatic.com/D_Q_NP_2X_953208-MLB117820536061_092026-E-camisetas-femininas-estilo-parodia-no-fui-eu.webp,Camisetas Femininas Estilo Paródia Não Fui Eu,"Camiseta feminina Estilo Paródia Não Fui Eu, ideal para looks casuais no dia a dia. Tem caimento reto, gola redonda e manga curta, com uma proposta leve e versátil para momentos de lazer e produções descontraídas.

Composição: 67% poliéster e 33% viscose. Uma peça com referência criativa e visual fácil de combinar com calças, saias ou bermudas.

* Nossa peça não tem acabamento na gola,barra e gola estilo Japonesa *",https://http2.mlstatic.com/D_NQ_NP_602705-MLB118111586861_092026-O-camisetas-femininas-estilo-parodia-no-fui-eu.webp | https://http2.mlstatic.com/D_NQ_NP_762263-MLA115946580050_092026-2X.jpg | https://http2.mlstatic.com/D_NQ_NP_878127-MLB112992927745_062026-O-camisetas-femininas-estilo-parodia-no-fui-eu.webp | https://http2.mlstatic.com/D_NQ_NP_953208-MLB117820536061_092026-O-camisetas-femininas-estilo-parodia-no-fui-eu.webp | https://http2.mlstatic.com/D_Q_NP_2X_602705-MLB118111586861_092026-R-camisetas-femininas-estilo-parodia-no-fui-eu.webp | https://http2.mlstatic.com/D_Q_NP_2X_786868-MLB116324968792_092026-2X.webp | https://http2.mlstatic.com/D_Q_NP_2X_803204-MLB117821008625_092026-2X.webp | https://http2.mlstatic.com/D_Q_NP_2X_878127-MLB112992927745_062026-R-camisetas-femininas-estilo-parodia-no-fui-eu.webp | https://http2.mlstatic.com/D_Q_NP_2X_903228-MLB116325588054_092026-2X.webp | https://http2.mlstatic.com/D_Q_NP_2X_953208-MLB117820536061_092026-2X.webp | https://http2.mlstatic.com/D_Q_NP_2X_953208-MLB117820536061_092026-R-camisetas-femininas-estilo-parodia-no-fui-eu.webp | https://http2.mlstatic.com/storage/catalog-technical-specs/images/assets/vectorial/brand.svg | https://http2.mlstatic.com/storage/catalog-technical-specs/images/assets/vectorial/default.svg | https://http2.mlstatic.com/storage/catalog-technical-specs/images/assets/vectorial/main_material.svg | https://http2.mlstatic.com/storage/logos-api-admin/00174300-571e-11e8-8364-bff51f08d440-m.svg | https://http2.mlstatic.com/storage/logos-api-admin/9cf818e0-723a-11f0-a459-cf21d0937aeb-m.svg | https://http2.mlstatic.com/storage/logos-api-admin/a5f047d0-9be0-11ec-aad4-c3381f368aaf-m.svg | https://http2.mlstatic.com/storage/logos-api-admin/b2c93a40-f3be-11eb-9984-b7076edb0bb7-m.svg | https://http2.mlstatic.com/storage/logos-api-admin/bb7c7bb0-adec-11f0-92e6-59fb0bcb38c2-m.svg | https://http2.mlstatic.com/storage/logos-api-admin/f3e8e940-f549-11ef-bad6-e9962bcd76e5-m.svg | https://http2.mlstatic.com/storage/logos-api-admin/f99fcca0-f3bd-11eb-9984-b7076edb0bb7-m.svg,5,{}
MLB4690302813,Camiseta Feminina Sta. Paciência,Camisetas e Regatas,86.0,"R$ 86,00",,,https://produto.mercadolivre.com.br/MLB-4690302813-camiseta-feminina-sta-pacincia-_JM?searchVariation=194952406644#polycard_client=search-desktop&searchVariation=194952406644&be_origin=backend&overlay_label=not_apply&search_layout=grid&position=47&type=item&tracking_id=c6038c79-2da7-4f1f-a180-52be4f4d3542&sid=search,https://http2.mlstatic.com/D_Q_NP_2X_852138-MLB111859750515_052026-E-camiseta-feminina-sta-pacincia.webp,Camiseta Feminina Sta. Paciência,"Camiseta feminina Estilo Paródia Sta. Paciência, ideal para looks casuais no dia a dia. Tem caimento reto, gola redonda e manga curta, com visual leve para compor produções descontraídas.

Confeccionada em malha fria, com composição de 67% poliéster e 33% viscose. É uma peça com referência criativa e fácil de combinar com calças, saias ou bermudas.

* Nossa peça não possui acabamento na gola,barra e manga estilo Japonesa *

Garantia do vendedor: 90 dias",https://http2.mlstatic.com/D_NQ_NP_634841-MLB116702069882_092026-O-camiseta-feminina-sta-pacincia.webp | https://http2.mlstatic.com/D_NQ_NP_720607-MLB116702596014_092026-O-camiseta-feminina-sta-pacincia.webp | https://http2.mlstatic.com/D_NQ_NP_852138-MLB111859750515_052026-O-camiseta-feminina-sta-pacincia.webp | https://http2.mlstatic.com/D_NQ_NP_953959-MLA116058397686_092026-2X.jpg | https://http2.mlstatic.com/D_NQ_NP_969871-MLB118249582557_092026-O-camiseta-feminina-sta-pacincia.webp | https://http2.mlstatic.com/D_Q_NP_2X_634841-MLB116702069882_092026-R-camiseta-feminina-sta-pacincia.webp | https://http2.mlstatic.com/D_Q_NP_2X_720607-MLB116702596014_092026-R-camiseta-feminina-sta-pacincia.webp | https://http2.mlstatic.com/D_Q_NP_2X_852138-MLB111859750515_052026-R-camiseta-feminina-sta-pacincia.webp | https://http2.mlstatic.com/D_Q_NP_2X_969871-MLB118249582557_092026-R-camiseta-feminina-sta-pacincia.webp | https://http2.mlstatic.com/storage/catalog-technical-specs/images/assets/vectorial/brand.svg | https://http2.mlstatic.com/storage/catalog-technical-specs/images/assets/vectorial/default.svg | https://http2.mlstatic.com/storage/logos-api-admin/00174300-571e-11e8-8364-bff51f08d440-m.svg | https://http2.mlstatic.com/storage/logos-api-admin/9cf818e0-723a-11f0-a459-cf21d0937aeb-m.svg | https://http2.mlstatic.com/storage/logos-api-admin/a5f047d0-9be0-11ec-aad4-c3381f368aaf-m.svg | https://http2.mlstatic.com/storage/logos-api-admin/b2c93a40-f3be-11eb-9984-b7076edb0bb7-m.svg | https://http2.mlstatic.com/storage/logos-api-admin/bb7c7bb0-adec-11f0-92e6-59fb0bcb38c2-m.svg | https://http2.mlstatic.com/storage/logos-api-admin/f3e8e940-f549-11ef-bad6-e9962bcd76e5-m.svg | https://http2.mlstatic.com/storage/logos-api-admin/f99fcca0-f3bd-11eb-9984-b7076edb0bb7-m.svg,5,{}
MLB7037450096,Vestidos Estilo Paródia Converse,Vestidos,125.0,"R$ 125,00",,"#FFFFFF, #000000",https://produto.mercadolivre.com.br/MLB-7037450096-vestidos-estilo-parodia-converse-_JM?searchVariation=204533856267#polycard_client=search-desktop&searchVariation=204533856267&be_origin=backend&overlay_label=not_apply&search_layout=grid&position=48&type=item&tracking_id=c6038c79-2da7-4f1f-a180-52be4f4d3542&sid=search,https://http2.mlstatic.com/D_Q_NP_2X_760158-MLB118189737051_092026-E-vestidos-estilo-parodia-converse.webp,Vestidos Estilo Parodia Converse,,https://http2.mlstatic.com/D_NQ_NP_716755-MLA115906165312_092026-2X.jpg | https://http2.mlstatic.com/D_NQ_NP_751480-MLB116670488286_092026-O-vestidos-estilo-parodia-converse.webp | https://http2.mlstatic.com/D_NQ_NP_760158-MLB118189737051_092026-O-vestidos-estilo-parodia-converse.webp | https://http2.mlstatic.com/D_NQ_NP_777782-MLB113816324861_062026-O-vestidos-estilo-parodia-converse.webp | https://http2.mlstatic.com/D_NQ_NP_785613-MLB118189737285_092026-O-vestidos-estilo-parodia-converse.webp | https://http2.mlstatic.com/D_NQ_NP_918285-MLB116670488152_092026-O-vestidos-estilo-parodia-converse.webp | https://http2.mlstatic.com/D_Q_NP_2X_751480-MLB116670488286_092026-R-vestidos-estilo-parodia-converse.webp | https://http2.mlstatic.com/D_Q_NP_2X_760158-MLB118189737051_092026-2X.webp | https://http2.mlstatic.com/D_Q_NP_2X_760158-MLB118189737051_092026-R-vestidos-estilo-parodia-converse.webp | https://http2.mlstatic.com/D_Q_NP_2X_777782-MLB113816324861_062026-R-vestidos-estilo-parodia-converse.webp | https://http2.mlstatic.com/D_Q_NP_2X_785613-MLB118189737285_092026-R-vestidos-estilo-parodia-converse.webp | https://http2.mlstatic.com/D_Q_NP_2X_831077-MLB117806128407_092026-2X.webp | https://http2.mlstatic.com/D_Q_NP_2X_918285-MLB116670488152_092026-R-vestidos-estilo-parodia-converse.webp | https://http2.mlstatic.com/storage/catalog-technical-specs/images/assets/vectorial/brand.svg | https://http2.mlstatic.com/storage/catalog-technical-specs/images/assets/vectorial/default.svg | https://http2.mlstatic.com/storage/catalog-technical-specs/images/assets/vectorial/occasions.svg | https://http2.mlstatic.com/storage/catalog-technical-specs/images/assets/vectorial/release_season.svg | https://http2.mlstatic.com/storage/logos-api-admin/00174300-571e-11e8-8364-bff51f08d440-m.svg | https://http2.mlstatic.com/storage/logos-api-admin/9cf818e0-723a-11f0-a459-cf21d0937aeb-m.svg | https://http2.mlstatic.com/storage/logos-api-admin/a5f047d0-9be0-11ec-aad4-c3381f368aaf-m.svg | https://http2.mlstatic.com/storage/logos-api-admin/b2c93a40-f3be-11eb-9984-b7076edb0bb7-m.svg | https://http2.mlstatic.com/storage/logos-api-admin/bb7c7bb0-adec-11f0-92e6-59fb0bcb38c2-m.svg | https://http2.mlstatic.com/storage/logos-api-admin/f3e8e940-f549-11ef-bad6-e9962bcd76e5-m.svg | https://http2.mlstatic.com/storage/logos-api-admin/f99fcca0-f3bd-11eb-9984-b7076edb0bb7-m.svg,5,{}
